gi_upt,alias_digsilent,voltage_kv,match,review
ALAM SUTERA,,,none,TANPA TOPOLOGI
ANGKE,ANGKE,,exact,OK
BALARAJA,BALARAJA,,exact,OK
BALARAJA,NEW BALARAJA5,150.0,partial,PERIKSA
BALARAJA,NEW BALARAJA7,500.0,partial,PERIKSA
CENGKARENG,CENGKARENG,,exact,OK
CENGKARENG,CENGKARENG BARU,,partial,PERIKSA
CENGKARENG BARU,CENGKARENG,,partial,PERIKSA
CENGKARENG BARU,CENGKARENG BARU,,exact,OK
CIKUPA,CIKUPA,,exact,OK
CILEDUG,CILEDUG,,exact,OK
CITRA HABITAT,CITRA HABITAT,,exact,OK
CURUG,CURUG,,exact,OK
CURUG,CURUG4,70.0,exact,OK
DAAN MOGOT,DAAN MOGOT GIS,,partial,PERIKSA
DADAP,,,none,TANPA TOPOLOGI
DURIKOSAMBI,DURIKOSAMBI,,exact,OK
GAJAH TUNGGAL,,,none,TANPA TOPOLOGI
GROGOL,GROGOL,,exact,OK
GROGOL BARU,GROGOL,,partial,PERIKSA
ITS,,,none,TANPA TOPOLOGI
JATAKE,JATAKE,,exact,OK
JATAKE BARU,JATAKE,,partial,PERIKSA
KEBON JERUK,KEBON JERUK,,exact,OK
KEMBANGAN,KEMBANGAN5,150.0,exact,OK
KEMBANGAN,KEMBANGAN7,500.0,exact,OK
LAUTAN STEEL,LAUTAN STEEL,,exact,OK
LONTAR,,,none,TANPA TOPOLOGI
MAXIMANGANDO,MAXIMANGANDO,,exact,OK
METLAND,,,none,TANPA TOPOLOGI
MILENIUM,,,none,TANPA TOPOLOGI
MUARAKARANG BARU,M. KARANG BARU,,exact,OK
MUARAKARANG LAMA,M. KARANG LAMA,,exact,OK
NEW BALARAJA,BALARAJA,,partial,PERIKSA
NEW BALARAJA,NEW BALARAJA5,150.0,exact,OK
NEW BALARAJA,NEW BALARAJA7,500.0,exact,OK
NEW SENAYAN,NEW SENAYAN,,exact,OK
NEW SENAYAN,SENAYAN,,partial,PERIKSA
PANTAI INDAH KAPUK,PANTAI INDAH KAPUK,,exact,OK
PASAR KEMIS,NEW PASAR KEMIS,,partial,PERIKSA
PASAR KEMIS,PASAR KEMIS,,exact,OK
PASAR KEMIS BARU,PASAR KEMIS,,partial,PERIKSA
SEPATAN,SEPATAN,,exact,OK
SEPATAN,SEPATAN2,,partial,PERIKSA
SEPATAN BARU,SEPATAN,,partial,PERIKSA
SINDANG JAYA,,,none,TANPA TOPOLOGI
SPINMILL,SPINMILL,,exact,OK
SPINMILL,SPINMILL CONSUMER,,partial,PERIKSA
SUMMARECON GADING SERPONG,SERPONG,,partial,PERIKSA
SUMMARECON GADING SERPONG,SUMMARECON,,partial,PERIKSA
SUMMARECON GADING SERPONG,SUMMARECON5,150.0,partial,PERIKSA
SUVARNA,SUVARNA SUTERA,,partial,PERIKSA
TANGERANG,TANGERANG,,exact,OK
TANGERANG,TANGERANG BARU,,partial,PERIKSA
TANGERANG,TANGERANG BARU II,,partial,PERIKSA
TANGERANG BARU,TANGERANG,,partial,PERIKSA
TANGERANG BARU,TANGERANG BARU,,exact,OK
TANGERANG BARU,TANGERANG BARU II,,partial,PERIKSA
TELUK NAGA,PLTU TELUK NAGA 5,150.0,partial,PERIKSA
TELUK NAGA,TELUK NAGA,,exact,OK
TELUK NAGA,TELUK NAGA BARU,,partial,PERIKSA
TIGARAKSA,TIGARAKSA,,exact,OK
TOMANG,TOMANG,,exact,OK
ULUJAMI,,,none,TANPA TOPOLOGI
