source_workbook,source_sheet,source_row,source_hash,observed_at,ultg,gi,bay,protections,requester,sequence_no,effective_date,official_setting,note,status
List Official Setting & Resetting UPT Durikosambi.xlsx,2019-2021,3,28ac8f6f240f887f82fbb59c99c8c98bd276a40dd4262a6d85499e172419167d,2026-08-21,,GI Muarakarang Lama,"Budi Kemuliaan 1,2",OCR 150 kV,ULTG Durikosambi,1.0,2019-08-01T00:00:00,LINK,Resetting sesuai nilai TSA,True
List Official Setting & Resetting UPT Durikosambi.xlsx,2019-2021,4,28ac8f6f240f887f82fbb59c99c8c98bd276a40dd4262a6d85499e172419167d,2026-08-21,,GIS Grogol,TRF #2,"DIFF, REF, OCR, SBEF",Bagian Enjinering,2.0,2019-08-23T00:00:00,LINK,Penggantian rele (panel proteksi),True
List Official Setting & Resetting UPT Durikosambi.xlsx,2019-2021,5,28ac8f6f240f887f82fbb59c99c8c98bd276a40dd4262a6d85499e172419167d,2026-08-21,,GI New Balaraja,"Balaraja 1,2",Distance,UIT JBB,3.0,2019-08-28T00:00:00,LINK,Pasca masuknya GIS Suvarna Sutera,True
List Official Setting & Resetting UPT Durikosambi.xlsx,2019-2021,6,28ac8f6f240f887f82fbb59c99c8c98bd276a40dd4262a6d85499e172419167d,2026-08-21,,GI Pasar Kemis,"Cikupa 1,2",Distance,UIT JBB,4.0,2019-08-28T00:00:00,LINK,Pasca masuknya GIS Suvarna Sutera,True
List Official Setting & Resetting UPT Durikosambi.xlsx,2019-2021,7,28ac8f6f240f887f82fbb59c99c8c98bd276a40dd4262a6d85499e172419167d,2026-08-21,,GI Cengkareng,"Tangerang Lama 1,2",Distance,ULTG Tangerang Kota,5.0,2019-08-30T00:00:00,LINK,Pasca rekonduktoring,True
List Official Setting & Resetting UPT Durikosambi.xlsx,2019-2021,8,28ac8f6f240f887f82fbb59c99c8c98bd276a40dd4262a6d85499e172419167d,2026-08-21,,GI Cengkareng,"Tangerang Lama 1,2",OCR 150 kV,ULTG Tangerang Kota,6.0,2019-08-29T00:00:00,LINK,Pasca rekonduktoring,True
List Official Setting & Resetting UPT Durikosambi.xlsx,2019-2021,9,28ac8f6f240f887f82fbb59c99c8c98bd276a40dd4262a6d85499e172419167d,2026-08-21,,GI Tangerang Lama,"Cengkareng 1,2",Distance,ULTG Tangerang Kota,7.0,2019-08-30T00:00:00,LINK,Pasca rekonduktoring,True
List Official Setting & Resetting UPT Durikosambi.xlsx,2019-2021,10,28ac8f6f240f887f82fbb59c99c8c98bd276a40dd4262a6d85499e172419167d,2026-08-21,,GI Tangerang Lama,"Cengkareng 1,2",OCR 150 kV,ULTG Tangerang Kota,8.0,2019-08-29T00:00:00,LINK,Pasca rekonduktoring,True
List Official Setting & Resetting UPT Durikosambi.xlsx,2019-2021,11,28ac8f6f240f887f82fbb59c99c8c98bd276a40dd4262a6d85499e172419167d,2026-08-21,,GI Jatake,Cikupa 1,OCR 150 kV,UIT JBB,11.0,2019-08-30T00:00:00,LINK,Resetting sesuai nilai TSA,True
List Official Setting & Resetting UPT Durikosambi.xlsx,2019-2021,12,28ac8f6f240f887f82fbb59c99c8c98bd276a40dd4262a6d85499e172419167d,2026-08-21,,GI Jatake,Cikupa 2,OCR 150 kV,UIT JBB,12.0,2019-08-30T00:00:00,LINK,Resetting sesuai nilai TSA,True
List Official Setting & Resetting UPT Durikosambi.xlsx,2019-2021,13,28ac8f6f240f887f82fbb59c99c8c98bd276a40dd4262a6d85499e172419167d,2026-08-21,,GI Cikupa,"Pasar Kemis 1,2",OCR 150 kV,UIT JBB,,2019-08-30T00:00:00,,Resetting sesuai nilai TSA,False
List Official Setting & Resetting UPT Durikosambi.xlsx,2019-2021,14,28ac8f6f240f887f82fbb59c99c8c98bd276a40dd4262a6d85499e172419167d,2026-08-21,,GI Pasar Kemis,"Cikupa 1,2",OCR 150 kV,UIT JBB,,2019-08-30T00:00:00,,Resetting sesuai nilai TSA,False
List Official Setting & Resetting UPT Durikosambi.xlsx,2019-2021,15,28ac8f6f240f887f82fbb59c99c8c98bd276a40dd4262a6d85499e172419167d,2026-08-21,,GI Muarakarang Baru,Pantai Indah Kapuk 1,Distance,ULTG Durikosambi,9.0,2019-10-01T00:00:00,LINK,Pasca masuknya GIS Daan Mogot,True
List Official Setting & Resetting UPT Durikosambi.xlsx,2019-2021,16,28ac8f6f240f887f82fbb59c99c8c98bd276a40dd4262a6d85499e172419167d,2026-08-21,,GI Muarakarang Baru,Pantai Indah Kapuk 2,Distance,ULTG Durikosambi,10.0,2019-10-01T00:00:00,LINK,Pasca masuknya GIS Daan Mogot,True
List Official Setting & Resetting UPT Durikosambi.xlsx,2019-2021,17,28ac8f6f240f887f82fbb59c99c8c98bd276a40dd4262a6d85499e172419167d,2026-08-21,,GI Cengkareng Baru,"Tangerang Baru 1,2",OCR 150 kV,Lola Data & Asesmen,14.0,2020-01-28T00:00:00,,Resetting sesuai nilai TSA,True
List Official Setting & Resetting UPT Durikosambi.xlsx,2019-2021,18,28ac8f6f240f887f82fbb59c99c8c98bd276a40dd4262a6d85499e172419167d,2026-08-21,,GI Millenium,"Citra Habitat 1,2",OCR 150 kV,Lola Data & Asesmen,15.0,2020-01-28T00:00:00,,Resetting sesuai nilai TSA,False
List Official Setting & Resetting UPT Durikosambi.xlsx,2019-2021,19,28ac8f6f240f887f82fbb59c99c8c98bd276a40dd4262a6d85499e172419167d,2026-08-21,,GI Citra Habitat,"Millenium 1,2",OCR 150 kV,Lola Data & Asesmen,16.0,2020-01-28T00:00:00,,Resetting sesuai nilai TSA,False
List Official Setting & Resetting UPT Durikosambi.xlsx,2019-2021,20,28ac8f6f240f887f82fbb59c99c8c98bd276a40dd4262a6d85499e172419167d,2026-08-21,,GI Millenium,"Spinmil 1,2",OCR 150 kV,Lola Data & Asesmen,17.0,2020-01-28T00:00:00,,Resetting sesuai nilai TSA,False
List Official Setting & Resetting UPT Durikosambi.xlsx,2019-2021,21,28ac8f6f240f887f82fbb59c99c8c98bd276a40dd4262a6d85499e172419167d,2026-08-21,,GIS Spinmil,"Millenium 1,2",OCR 150 kV,Lola Data & Asesmen,18.0,2020-01-28T00:00:00,,Resetting sesuai nilai TSA,False
List Official Setting & Resetting UPT Durikosambi.xlsx,2019-2021,22,28ac8f6f240f887f82fbb59c99c8c98bd276a40dd4262a6d85499e172419167d,2026-08-21,,GIS Spinmil,"Lautan Steel 1,2",OCR 150 kV,Lola Data & Asesmen,19.0,2020-01-28T00:00:00,,Resetting sesuai nilai TSA,False
List Official Setting & Resetting UPT Durikosambi.xlsx,2019-2021,23,28ac8f6f240f887f82fbb59c99c8c98bd276a40dd4262a6d85499e172419167d,2026-08-21,,GI Lautan Steel,"Spinmil 1,2",OCR 150 kV,Lola Data & Asesmen,20.0,2020-01-28T00:00:00,,Resetting sesuai nilai TSA,False
List Official Setting & Resetting UPT Durikosambi.xlsx,2019-2021,24,28ac8f6f240f887f82fbb59c99c8c98bd276a40dd4262a6d85499e172419167d,2026-08-21,,GI New Balaraja,"Lautan Steel 1,2",OCR 150 kV,Lola Data & Asesmen,22.0,2020-01-28T00:00:00,,Resetting sesuai nilai TSA,False
List Official Setting & Resetting UPT Durikosambi.xlsx,2019-2021,25,28ac8f6f240f887f82fbb59c99c8c98bd276a40dd4262a6d85499e172419167d,2026-08-21,,GI Lautan Steel,"New Balaraja 1,2",OCR 150 kV,Lola Data & Asesmen,21.0,2020-01-28T00:00:00,,Resetting sesuai nilai TSA,False
List Official Setting & Resetting UPT Durikosambi.xlsx,2019-2021,26,28ac8f6f240f887f82fbb59c99c8c98bd276a40dd4262a6d85499e172419167d,2026-08-21,,GI Jatake,TRF #1,"DIFF, REF, OCR, SBEF",Bagian Enjinering,92.0,2021-04-24T00:00:00,,Penggantian rele (panel proteksi),True
List Official Setting & Resetting UPT Durikosambi.xlsx,2019-2021,27,28ac8f6f240f887f82fbb59c99c8c98bd276a40dd4262a6d85499e172419167d,2026-08-21,,GI Jatake,TRF #2,"DIFF, REF, OCR, SBEF",Bagian Enjinering,12.0,2019-12-16T00:00:00,,Penggantian rele (panel proteksi),False
List Official Setting & Resetting UPT Durikosambi.xlsx,2019-2021,28,28ac8f6f240f887f82fbb59c99c8c98bd276a40dd4262a6d85499e172419167d,2026-08-21,,GI Tangerang Lama,TRF #1,"DIFF, REF, OCR, SBEF",Bagian Enjinering,11.0,2019-11-29T00:00:00,LINK,Penggantian rele (panel proteksi),True
List Official Setting & Resetting UPT Durikosambi.xlsx,2019-2021,29,28ac8f6f240f887f82fbb59c99c8c98bd276a40dd4262a6d85499e172419167d,2026-08-21,,GIS Kembangan,"TRF #1,2,3",OCR 20 kV,ULTG Durikosambi,13.0,2020-01-07T00:00:00,LINK,Rehabilitasi kubikel incoming,True
List Official Setting & Resetting UPT Durikosambi.xlsx,2019-2021,30,28ac8f6f240f887f82fbb59c99c8c98bd276a40dd4262a6d85499e172419167d,2026-08-21,,GI Teluk Naga,"Lontar 1,2",OCR 150 kV,Lola Data & Asesmen,23.0,2020-01-28T00:00:00,,Resetting sesuai nilai TSA,False
List Official Setting & Resetting UPT Durikosambi.xlsx,2019-2021,31,28ac8f6f240f887f82fbb59c99c8c98bd276a40dd4262a6d85499e172419167d,2026-08-21,,GI Cikupa,"Jatake 1,2",OCR 150 kV,Lola Data & Asesmen,24.0,2020-01-28T00:00:00,,Resetting sesuai nilai TSA,False
List Official Setting & Resetting UPT Durikosambi.xlsx,2019-2021,32,28ac8f6f240f887f82fbb59c99c8c98bd276a40dd4262a6d85499e172419167d,2026-08-21,,GI Curug,Cikupa 2,OCR 150 kV,Lola Data & Asesmen,25.0,2020-01-28T00:00:00,,Resetting sesuai nilai TSA,False
List Official Setting & Resetting UPT Durikosambi.xlsx,2019-2021,33,28ac8f6f240f887f82fbb59c99c8c98bd276a40dd4262a6d85499e172419167d,2026-08-21,,GI Durikosambi,"Cengkareng 1,2",OCR 150 kV,Lola Data & Asesmen,26.0,2020-01-28T00:00:00,,Resetting sesuai nilai TSA,False
List Official Setting & Resetting UPT Durikosambi.xlsx,2019-2021,34,28ac8f6f240f887f82fbb59c99c8c98bd276a40dd4262a6d85499e172419167d,2026-08-21,,GI Cengkareng,"Tangerang Lama 1,2","LCD, OCR",KSO PT. Hasta Prajatama,27.0,2020-01-29T00:00:00,LINK,Penggantian rele pasca rekonduktoring,True
List Official Setting & Resetting UPT Durikosambi.xlsx,2019-2021,35,28ac8f6f240f887f82fbb59c99c8c98bd276a40dd4262a6d85499e172419167d,2026-08-21,,GI Tangerang Lama,"Cengkareng 1,2","LCD, OCR",KSO PT. Hasta Prajatama,28.0,2020-01-29T00:00:00,LINK,Penggantian rele pasca rekonduktoring,True
List Official Setting & Resetting UPT Durikosambi.xlsx,2019-2021,36,28ac8f6f240f887f82fbb59c99c8c98bd276a40dd4262a6d85499e172419167d,2026-08-21,,GI Tangerang Lama,"Jatake 1,2",OCR 150 kV,ULTG Tangerang Kota,29.0,2020-02-28T00:00:00,LINK,Resetting pasca penggantian CT,True
List Official Setting & Resetting UPT Durikosambi.xlsx,2019-2021,37,28ac8f6f240f887f82fbb59c99c8c98bd276a40dd4262a6d85499e172419167d,2026-08-21,,GI Tangerang Lama,"Jatake 1,2",Distance,ULTG Tangerang Kota,30.0,2020-03-01T00:00:00,LINK,Resetting pasca penggantian CT,True
List Official Setting & Resetting UPT Durikosambi.xlsx,2019-2021,38,28ac8f6f240f887f82fbb59c99c8c98bd276a40dd4262a6d85499e172419167d,2026-08-21,,GIS Kebon Jeruk,"Durikosambi 1,2",OCR 150 kV,ULTG Durikosambi,31.0,2020-04-27T00:00:00,,Evaluasi setting sebelumnya,False
List Official Setting & Resetting UPT Durikosambi.xlsx,2019-2021,39,28ac8f6f240f887f82fbb59c99c8c98bd276a40dd4262a6d85499e172419167d,2026-08-21,,GIS Grogol Baru,"Grogol 1,2",Distance,ULTG Durikosambi,32.0,2020-04-30T00:00:00,,,True
List Official Setting & Resetting UPT Durikosambi.xlsx,2019-2021,40,28ac8f6f240f887f82fbb59c99c8c98bd276a40dd4262a6d85499e172419167d,2026-08-21,,GIS Grogol Baru,"Grogol 1,2",OCR 150 kV,ULTG Durikosambi,33.0,2020-04-30T00:00:00,,,True
List Official Setting & Resetting UPT Durikosambi.xlsx,2019-2021,41,28ac8f6f240f887f82fbb59c99c8c98bd276a40dd4262a6d85499e172419167d,2026-08-21,,GI Cengkareng,"Tangerang Lama 1,2",Distance,UIT JBB,34.0,2020-05-28T00:00:00,LINK,Pasca masuknya GI Jatake Baru,True
List Official Setting & Resetting UPT Durikosambi.xlsx,2019-2021,42,28ac8f6f240f887f82fbb59c99c8c98bd276a40dd4262a6d85499e172419167d,2026-08-21,,GI Cikupa,"Jatake 1,2",Distance,UIT JBB,35.0,2020-05-28T00:00:00,LINK,Pasca masuknya GI Jatake Baru,True
List Official Setting & Resetting UPT Durikosambi.xlsx,2019-2021,43,28ac8f6f240f887f82fbb59c99c8c98bd276a40dd4262a6d85499e172419167d,2026-08-21,,GI New Balaraja,"Lautan Steel 1,2",Distance,UIT JBB,36.0,2020-07-23T00:00:00,LINK,Pasca gangguan tgl 14 Juli 2020,True
List Official Setting & Resetting UPT Durikosambi.xlsx,2019-2021,44,28ac8f6f240f887f82fbb59c99c8c98bd276a40dd4262a6d85499e172419167d,2026-08-21,,GI Lautan Steel,"New Balaraja 1,2",Distance,UIT JBB,37.0,2020-07-23T00:00:00,LINK,Pasca gangguan tgl 14 Juli 2020,True
List Official Setting & Resetting UPT Durikosambi.xlsx,2019-2021,45,28ac8f6f240f887f82fbb59c99c8c98bd276a40dd4262a6d85499e172419167d,2026-08-21,,GI Jatake,Kopel,OCR,Konstruksi,38.0,2020-08-08T00:00:00,LINK,Uprating Busbar dan Kopel,True
List Official Setting & Resetting UPT Durikosambi.xlsx,2019-2021,46,28ac8f6f240f887f82fbb59c99c8c98bd276a40dd4262a6d85499e172419167d,2026-08-21,,GI Pasar Kemis,"Pasar Kemis Baru 1,2",Distance,UIT JBB,39.0,2020-08-13T00:00:00,LINK,Review ulang (satu sisi belum di resetting pasca komisioning),True
List Official Setting & Resetting UPT Durikosambi.xlsx,2019-2021,47,28ac8f6f240f887f82fbb59c99c8c98bd276a40dd4262a6d85499e172419167d,2026-08-21,,GI Pasar Kemis Baru,"Pasar Kemis 1,2",Distance,UIT JBB,40.0,2020-08-14T00:00:00,LINK,Review ulang,True
List Official Setting & Resetting UPT Durikosambi.xlsx,2019-2021,48,28ac8f6f240f887f82fbb59c99c8c98bd276a40dd4262a6d85499e172419167d,2026-08-21,,GI Sepatan,"Pasar Kemis Baru 1,2",Distance,UIT JBB,41.0,2020-08-14T00:00:00,LINK,Review ulang,True
List Official Setting & Resetting UPT Durikosambi.xlsx,2019-2021,49,28ac8f6f240f887f82fbb59c99c8c98bd276a40dd4262a6d85499e172419167d,2026-08-21,,GI Pasar Kemis Baru,"Sepatan 1,2",Distance,UIT JBB,42.0,2020-08-14T00:00:00,LINK,Review ulang,True
List Official Setting & Resetting UPT Durikosambi.xlsx,2019-2021,50,28ac8f6f240f887f82fbb59c99c8c98bd276a40dd4262a6d85499e172419167d,2026-08-21,,GI Cikupa,Curug #2,"Distance, OCR",UIT JBB,43.0,2020-09-02T00:00:00,LINK,Review ulang (ketidaksesuaian data dari kontraktor),True
List Official Setting & Resetting UPT Durikosambi.xlsx,2019-2021,51,28ac8f6f240f887f82fbb59c99c8c98bd276a40dd4262a6d85499e172419167d,2026-08-21,,GI Curug,Cikupa #2,"Distance, OCR",UIT JBB,44.0,2020-09-02T00:00:00,LINK,Review ulang (ketidaksesuaian data dari kontraktor),True
List Official Setting & Resetting UPT Durikosambi.xlsx,2019-2021,52,28ac8f6f240f887f82fbb59c99c8c98bd276a40dd4262a6d85499e172419167d,2026-08-21,,GI Cikupa,Curug #1,Distance,UIT JBB,45.0,2020-09-03T00:00:00,LINK,"Review ulang (ketidaksesuaian data dari kontraktor), masuknya SGS",False
List Official Setting & Resetting UPT Durikosambi.xlsx,2019-2021,53,28ac8f6f240f887f82fbb59c99c8c98bd276a40dd4262a6d85499e172419167d,2026-08-21,,GI Cengkareng,Cengkareng Baru 1,"Distance, OCR",Konstruksi,46.0,2020-09-04T00:00:00,LINK,Resetting pasca penggantian CT,True
List Official Setting & Resetting UPT Durikosambi.xlsx,2019-2021,54,28ac8f6f240f887f82fbb59c99c8c98bd276a40dd4262a6d85499e172419167d,2026-08-21,,GI Jatake,TRF #2,"REF HV, LV",Konstruksi,47.0,2020-09-04T00:00:00,LINK,Resetting pasca penggantian CT N,True
List Official Setting & Resetting UPT Durikosambi.xlsx,2019-2021,55,28ac8f6f240f887f82fbb59c99c8c98bd276a40dd4262a6d85499e172419167d,2026-08-21,,GI Tangerang Lama,Kopel,OCR,ULTG Tangerang Kota,48.0,2020-10-13T00:00:00,LINK,Resetting pasca penggantian CT,True
List Official Setting & Resetting UPT Durikosambi.xlsx,2019-2021,56,28ac8f6f240f887f82fbb59c99c8c98bd276a40dd4262a6d85499e172419167d,2026-08-21,,GI Cengkareng,"Tangerang Lama 1,2",Distance,UIT JBB,49.0,2020-11-17T00:00:00,LINK,Resetting pasca gangguan (ketidaksesuaian impedansi pasca rekon),True
List Official Setting & Resetting UPT Durikosambi.xlsx,2019-2021,57,28ac8f6f240f887f82fbb59c99c8c98bd276a40dd4262a6d85499e172419167d,2026-08-21,,GI Tangerang Lama,"Cengkareng 1,2",Distance,UIT JBB,50.0,2020-11-17T00:00:00,LINK,Resetting pasca gangguan (ketidaksesuaian impedansi pasca rekon),True
List Official Setting & Resetting UPT Durikosambi.xlsx,2019-2021,58,28ac8f6f240f887f82fbb59c99c8c98bd276a40dd4262a6d85499e172419167d,2026-08-21,,GI Cengkareng,"Durikosambi 1,2",Distance,ULTG Tangerang Kota,51.0,2020-12-10T00:00:00,LINK,Resetting pasca penggantian CT,False
List Official Setting & Resetting UPT Durikosambi.xlsx,2019-2021,59,28ac8f6f240f887f82fbb59c99c8c98bd276a40dd4262a6d85499e172419167d,2026-08-21,,GI Cengkareng,Durikosambi 1,OCR,ULTG Tangerang Kota,52.0,2020-12-10T00:00:00,LINK,Resetting pasca penggantian CT,False
List Official Setting & Resetting UPT Durikosambi.xlsx,2019-2021,60,28ac8f6f240f887f82fbb59c99c8c98bd276a40dd4262a6d85499e172419167d,2026-08-21,,GIS Lontar,"Tangerang Baru 1,2",OCR,Lola Data & Asesmen,53.0,2020-12-23T00:00:00,,Bottleneck setting OCR (terlalu rendah),False
List Official Setting & Resetting UPT Durikosambi.xlsx,2019-2021,61,28ac8f6f240f887f82fbb59c99c8c98bd276a40dd4262a6d85499e172419167d,2026-08-21,,GI Durikosambi,LMK,OCR,Lola Data & Asesmen,54.0,2020-12-23T00:00:00,,Bottleneck setting OCR (terlalu rendah),False
List Official Setting & Resetting UPT Durikosambi.xlsx,2019-2021,62,28ac8f6f240f887f82fbb59c99c8c98bd276a40dd4262a6d85499e172419167d,2026-08-21,,GI Muarakarang Lama,"SUTT Angke 1,2",OCR,Lola Data & Asesmen,55.0,2020-12-23T00:00:00,,Bottleneck setting OCR (terlalu rendah),False
List Official Setting & Resetting UPT Durikosambi.xlsx,2019-2021,63,28ac8f6f240f887f82fbb59c99c8c98bd276a40dd4262a6d85499e172419167d,2026-08-21,,GI Cengkareng,TRF #3,"DIFF, REF, OCR, SBEF",Konstruksi,56.0,2021-01-06T00:00:00,,Penggantain panel proteksi,True
List Official Setting & Resetting UPT Durikosambi.xlsx,2019-2021,64,28ac8f6f240f887f82fbb59c99c8c98bd276a40dd4262a6d85499e172419167d,2026-08-21,,GIS Alam Sutera,Ciledug 1,"Distance, OCR",ULTG Tangerang Kota,57.0,2021-03-23T00:00:00,LINK,Resetting ketidaksesuaian CCC kabel,False
List Official Setting & Resetting UPT Durikosambi.xlsx,2019-2021,65,28ac8f6f240f887f82fbb59c99c8c98bd276a40dd4262a6d85499e172419167d,2026-08-21,,GIS Alam Sutera,"Summarecon Gading Serpong 1,2",OCR,ULTG Tangerang Kota,58.0,2021-11-09T00:00:00,,Resetting ketidaksesuaian CCC kabel,False
List Official Setting & Resetting UPT Durikosambi.xlsx,2019-2021,66,28ac8f6f240f887f82fbb59c99c8c98bd276a40dd4262a6d85499e172419167d,2026-08-21,,GI Ciledug,Alam Sutera 1,"Distance, OCR",ULTG Tangerang Kota,59.0,2021-03-23T00:00:00,LINK,Resetting ketidaksesuaian CCC kabel,False
List Official Setting & Resetting UPT Durikosambi.xlsx,2019-2021,67,28ac8f6f240f887f82fbb59c99c8c98bd276a40dd4262a6d85499e172419167d,2026-08-21,,GIS Summarecon Gading Serpong,"Alam Sutera 1,2",OCR,ULTG Tangerang Kota,60.0,2021-11-09T00:00:00,,Resetting ketidaksesuaian CCC kabel,False
List Official Setting & Resetting UPT Durikosambi.xlsx,2019-2021,68,28ac8f6f240f887f82fbb59c99c8c98bd276a40dd4262a6d85499e172419167d,2026-08-21,,GI Cikupa,Curug #1,"Distance, OCR",Lola Data & Asesmen,61.0,2021-01-22T00:00:00,LINK,Review ulang dari No 50 (ada ketidaksesuaian CCC kabel),True
List Official Setting & Resetting UPT Durikosambi.xlsx,2019-2021,69,28ac8f6f240f887f82fbb59c99c8c98bd276a40dd4262a6d85499e172419167d,2026-08-21,,GI Curug,Cikupa #1,"Distance, OCR",Lola Data & Asesmen,62.0,2021-01-22T00:00:00,LINK,Resetting ketidaksesuaian CCC kabel,True
List Official Setting & Resetting UPT Durikosambi.xlsx,2019-2021,70,28ac8f6f240f887f82fbb59c99c8c98bd276a40dd4262a6d85499e172419167d,2026-08-21,,GI Durikosambi,"Kembangan 1,2","Distance, OCR",Lola Data & Asesmen,63.0,2021-01-22T00:00:00,LINK,Pengaktifan distance & resetting sesuai TSA,True
List Official Setting & Resetting UPT Durikosambi.xlsx,2019-2021,71,28ac8f6f240f887f82fbb59c99c8c98bd276a40dd4262a6d85499e172419167d,2026-08-21,,GIS Kembangan,"Durikosambi 1,2","Distance, OCR",Lola Data & Asesmen,64.0,2021-01-22T00:00:00,LINK,Pengaktifan distance & resetting sesuai TSA,False
List Official Setting & Resetting UPT Durikosambi.xlsx,2019-2021,72,28ac8f6f240f887f82fbb59c99c8c98bd276a40dd4262a6d85499e172419167d,2026-08-21,,GIS Kembangan,Ciledug 2,"Distance, OCR",Lola Data & Asesmen,65.0,2021-03-23T00:00:00,LINK,Resetting ketidaksesuaian CCC kabel,False
List Official Setting & Resetting UPT Durikosambi.xlsx,2019-2021,73,28ac8f6f240f887f82fbb59c99c8c98bd276a40dd4262a6d85499e172419167d,2026-08-21,,GI Ciledug,Kembangan 1,"Distance, OCR",Lola Data & Asesmen,66.0,2021-03-17T00:00:00,LINK,Resetting ketidaksesuaian CCC kabel,False
List Official Setting & Resetting UPT Durikosambi.xlsx,2019-2021,74,28ac8f6f240f887f82fbb59c99c8c98bd276a40dd4262a6d85499e172419167d,2026-08-21,,GIS Summarecon Gading Serpong,"Curug 1,2","Distance, OCR",Lola Data & Asesmen,67.0,2021-11-16T00:00:00,LINK,Resetting ketidaksesuaian CCC kabel,True
List Official Setting & Resetting UPT Durikosambi.xlsx,2019-2021,75,28ac8f6f240f887f82fbb59c99c8c98bd276a40dd4262a6d85499e172419167d,2026-08-21,,GI Curug,Summarecon Gading Serpong 1,"Distance, OCR",Lola Data & Asesmen,68.0,2021-08-05T00:00:00,LINK,Resetting ketidaksesuaian CCC kabel,True
List Official Setting & Resetting UPT Durikosambi.xlsx,2019-2021,76,28ac8f6f240f887f82fbb59c99c8c98bd276a40dd4262a6d85499e172419167d,2026-08-21,,GI Cikupa,Curug 2,"Distance, OCR",Lola Data & Asesmen,69.0,2021-08-05T00:00:00,LINK,Resetting ketidaksesuaian CCC kabel,False
List Official Setting & Resetting UPT Durikosambi.xlsx,2019-2021,77,28ac8f6f240f887f82fbb59c99c8c98bd276a40dd4262a6d85499e172419167d,2026-08-21,,GI Curug,Cikupa 2,"Distance, OCR",Lola Data & Asesmen,70.0,2021-11-18T00:00:00,,Resetting ketidaksesuaian CCC kabel,False
List Official Setting & Resetting UPT Durikosambi.xlsx,2019-2021,78,28ac8f6f240f887f82fbb59c99c8c98bd276a40dd4262a6d85499e172419167d,2026-08-21,,GI Cengkareng,TRF #2,"DIFF, REF, OCR, SBEF",Konstruksi,71.0,2021-03-09T00:00:00,LINK,Penggantain panel proteksi,True
List Official Setting & Resetting UPT Durikosambi.xlsx,2019-2021,79,28ac8f6f240f887f82fbb59c99c8c98bd276a40dd4262a6d85499e172419167d,2026-08-21,,GI Jatake,TRF #3,"DIFF, REF, OCR, SBEF",Konstruksi,72.0,2021-03-10T00:00:00,LINK,Penggantain panel proteksi,False
List Official Setting & Resetting UPT Durikosambi.xlsx,2019-2021,80,28ac8f6f240f887f82fbb59c99c8c98bd276a40dd4262a6d85499e172419167d,2026-08-21,,GIS Kebon Jeruk,TRF #2,"DIFF, REF, OCR, SBEF",Konstruksi,73.0,2021-03-10T00:00:00,LINK,Penggantain panel proteksi,False
List Official Setting & Resetting UPT Durikosambi.xlsx,2019-2021,81,28ac8f6f240f887f82fbb59c99c8c98bd276a40dd4262a6d85499e172419167d,2026-08-21,,GI Ciledug,Kopel,OCR,ULTG Tangerang Kota,74.0,2021-03-17T00:00:00,LINK,Penggantian rele OCR,True
List Official Setting & Resetting UPT Durikosambi.xlsx,2019-2021,82,28ac8f6f240f887f82fbb59c99c8c98bd276a40dd4262a6d85499e172419167d,2026-08-21,,GI Curug,Kopel,OCR,ULTG Tangerang Kota,75.0,2021-03-17T00:00:00,LINK,Penggantian rele OCR,True
List Official Setting & Resetting UPT Durikosambi.xlsx,2019-2021,83,28ac8f6f240f887f82fbb59c99c8c98bd276a40dd4262a6d85499e172419167d,2026-08-21,,GI Ciledug,Kembangan 2,"Distance, OCR",Lola Data & Asesmen,76.0,2021-03-17T00:00:00,LINK,Resetting ketidaksesuaian CCC kabel,False
List Official Setting & Resetting UPT Durikosambi.xlsx,2019-2021,84,28ac8f6f240f887f82fbb59c99c8c98bd276a40dd4262a6d85499e172419167d,2026-08-21,,GI Ciledug,Alam Sutera 2,"Distance, OCR",Lola Data & Asesmen,77.0,2021-03-23T00:00:00,LINK,Resetting ketidaksesuaian CCC kabel,False
List Official Setting & Resetting UPT Durikosambi.xlsx,2019-2021,85,28ac8f6f240f887f82fbb59c99c8c98bd276a40dd4262a6d85499e172419167d,2026-08-21,,GIS Alam Sutera,Ciledug 2,"Distance, OCR",Lola Data & Asesmen,78.0,2021-03-23T00:00:00,LINK,Resetting ketidaksesuaian CCC kabel,False
List Official Setting & Resetting UPT Durikosambi.xlsx,2019-2021,86,28ac8f6f240f887f82fbb59c99c8c98bd276a40dd4262a6d85499e172419167d,2026-08-21,,GIS Kembangan,Ciledug 1,"Distance, OCR",Lola Data & Asesmen,79.0,2021-03-23T00:00:00,LINK,Resetting ketidaksesuaian CCC kabel,False
List Official Setting & Resetting UPT Durikosambi.xlsx,2019-2021,87,28ac8f6f240f887f82fbb59c99c8c98bd276a40dd4262a6d85499e172419167d,2026-08-21,,GIS Pantai Indah Kapuk,"Muarakarang Baru 1,2","Distance, OCR",Lola Data & Asesmen,80.0,2021-03-24T00:00:00,LINK,Scanning rutin setting proteksi,True
List Official Setting & Resetting UPT Durikosambi.xlsx,2019-2021,88,28ac8f6f240f887f82fbb59c99c8c98bd276a40dd4262a6d85499e172419167d,2026-08-21,,GI Durikosambi,Cengkareng 1,OCR,GI Durikosambi,81.0,2021-03-25T00:00:00,LINK,Ada ketidaksesuain setting dengan sisi Cengkareng,True
List Official Setting & Resetting UPT Durikosambi.xlsx,2019-2021,89,28ac8f6f240f887f82fbb59c99c8c98bd276a40dd4262a6d85499e172419167d,2026-08-21,,GI Durikosambi,Muarakarang Lama 1,"Distance, OCR",ULTG Durikosambi,82.0,2021-08-19T00:00:00,LINK,Evaluasi terkait perbedaan setting dg sirkit 2,False
List Official Setting & Resetting UPT Durikosambi.xlsx,2019-2021,90,28ac8f6f240f887f82fbb59c99c8c98bd276a40dd4262a6d85499e172419167d,2026-08-21,,GI Angke,Kopel,OCR,ULTG Durikosambi,83.0,2021-03-27T00:00:00,LINK,Ketidaksesuaian acuan CCC busbar,True
List Official Setting & Resetting UPT Durikosambi.xlsx,2019-2021,91,28ac8f6f240f887f82fbb59c99c8c98bd276a40dd4262a6d85499e172419167d,2026-08-21,,GI Angke,Kopel,OCR,Lola Data & Asesmen,84.0,2021-03-29T00:00:00,,resetting kondisi buspro aktif,False
List Official Setting & Resetting UPT Durikosambi.xlsx,2019-2021,92,28ac8f6f240f887f82fbb59c99c8c98bd276a40dd4262a6d85499e172419167d,2026-08-21,,GI Curug,Koep,OCR,Lola Data & Asesmen,85.0,2021-03-29T00:00:00,,resetting kondisi buspro aktif,False
List Official Setting & Resetting UPT Durikosambi.xlsx,2019-2021,93,28ac8f6f240f887f82fbb59c99c8c98bd276a40dd4262a6d85499e172419167d,2026-08-21,,GI Cengkareng,"Tangerang Lama 1,2",Distance,ULTG Tangerang Kota,86.0,2021-04-10T00:00:00,LINK,"Review ulang penggantian rele, ketidaksesuaian impedansi, masuknya GIS Jatake Baru",True
List Official Setting & Resetting UPT Durikosambi.xlsx,2019-2021,94,28ac8f6f240f887f82fbb59c99c8c98bd276a40dd4262a6d85499e172419167d,2026-08-21,,GI Tangerang Lama,"Cengkareng 1,2",Distance,ULTG Tangerang Kota,87.0,2021-04-10T00:00:00,LINK,"Review ulang penggantian rele, ketidaksesuaian impedansi",True
List Official Setting & Resetting UPT Durikosambi.xlsx,2019-2021,95,28ac8f6f240f887f82fbb59c99c8c98bd276a40dd4262a6d85499e172419167d,2026-08-21,,GI Pasar Kemis,Kopel,OCR,Lola Data & Asesmen,88.0,2021-04-12T00:00:00,,Resetting ketidaksesuaian setting sebelumnya,True
List Official Setting & Resetting UPT Durikosambi.xlsx,2019-2021,96,28ac8f6f240f887f82fbb59c99c8c98bd276a40dd4262a6d85499e172419167d,2026-08-21,,GI Cengkareng,TRF #3,"DIFF, REF, OCR, SBEF",ULTG Tangerang Kota,89.0,2021-04-16T00:00:00,,"Rev.01, ada penggantian ratio CT HV",False
List Official Setting & Resetting UPT Durikosambi.xlsx,2019-2021,97,28ac8f6f240f887f82fbb59c99c8c98bd276a40dd4262a6d85499e172419167d,2026-08-21,,GIS Kebon Jeruk,TRF #1,"DIFF, REF, OCR, SBEF",Konstruksi,90.0,2021-04-19T00:00:00,,Penggantian panel proteksi,False
List Official Setting & Resetting UPT Durikosambi.xlsx,2019-2021,98,28ac8f6f240f887f82fbb59c99c8c98bd276a40dd4262a6d85499e172419167d,2026-08-21,,GIS Kebon Jeruk,TRF #2,"DIFF, REF, OCR, SBEF",Konstruksi,91.0,2021-04-19T00:00:00,,Penggantian panel proteksi,False
List Official Setting & Resetting UPT Durikosambi.xlsx,2019-2021,99,28ac8f6f240f887f82fbb59c99c8c98bd276a40dd4262a6d85499e172419167d,2026-08-21,,GI Maximangando,Kopel,OCR,ULTG Tangerang Kota,92.0,2021-06-16T00:00:00,,Pemasangan rele OCR,False
List Official Setting & Resetting UPT Durikosambi.xlsx,2019-2021,100,28ac8f6f240f887f82fbb59c99c8c98bd276a40dd4262a6d85499e172419167d,2026-08-21,,GI Cengkareng,TRF #1,SBEF,ULTG Tangerang Kota,93.0,2021-06-18T00:00:00,,Penggantian rele SBEF (mala kerja rele),True
List Official Setting & Resetting UPT Durikosambi.xlsx,2019-2021,101,28ac8f6f240f887f82fbb59c99c8c98bd276a40dd4262a6d85499e172419167d,2026-08-21,,GIS Lontar,Tangerang Baru 2,LCD,UIT JBB,94.0,2021-08-19T00:00:00,LINK,temuan kesalahan pembacaan FL saat gangguan (ganti rele),False
List Official Setting & Resetting UPT Durikosambi.xlsx,2019-2021,102,28ac8f6f240f887f82fbb59c99c8c98bd276a40dd4262a6d85499e172419167d,2026-08-21,,GI Angke,Kapasitor,OCR,ULTG Durikosambi,95.0,2021-07-06T00:00:00,,penggantian CT (300/5),False
List Official Setting & Resetting UPT Durikosambi.xlsx,2019-2021,103,28ac8f6f240f887f82fbb59c99c8c98bd276a40dd4262a6d85499e172419167d,2026-08-21,,GI Angke,Muarakarang Lama 1,OCR,ULTG Durikosambi,96.0,2021-07-15T00:00:00,,Penggantian CT (2000/5),True
List Official Setting & Resetting UPT Durikosambi.xlsx,2019-2021,104,28ac8f6f240f887f82fbb59c99c8c98bd276a40dd4262a6d85499e172419167d,2026-08-21,,GI Muarakarang Lama,"Angke 1,2",OCR,Lola Data & Asesmen,97.0,2021-07-15T00:00:00,,Resetting sesuai TSA,True
List Official Setting & Resetting UPT Durikosambi.xlsx,2019-2021,105,28ac8f6f240f887f82fbb59c99c8c98bd276a40dd4262a6d85499e172419167d,2026-08-21,,GI Cengkareng,Cengkareng Baru 2,Distance,Lola Data & Asesmen,98.0,2021-07-19T00:00:00,,Pengaktifan distance,False
List Official Setting & Resetting UPT Durikosambi.xlsx,2019-2021,106,28ac8f6f240f887f82fbb59c99c8c98bd276a40dd4262a6d85499e172419167d,2026-08-21,,GI Cengkareng Baru,"Cengkareng 1,2",Distance,Lola Data & Asesmen,99.0,2021-07-19T00:00:00,,Pengaktifan distance,False
List Official Setting & Resetting UPT Durikosambi.xlsx,2019-2021,107,28ac8f6f240f887f82fbb59c99c8c98bd276a40dd4262a6d85499e172419167d,2026-08-21,,GI Angke,Muarakarang Lama 2,OCR,ULTG Durikosambi,100.0,2021-07-27T00:00:00,,Penggantian CT (2000/5),False
List Official Setting & Resetting UPT Durikosambi.xlsx,2019-2021,108,28ac8f6f240f887f82fbb59c99c8c98bd276a40dd4262a6d85499e172419167d,2026-08-21,,GI Curug,Cikupa 2,OCR,ULTG Tangerang Kota,101.0,2021-08-05T00:00:00,,Ketidaksesuaian acuan CCC (1416),True
List Official Setting & Resetting UPT Durikosambi.xlsx,2019-2021,109,28ac8f6f240f887f82fbb59c99c8c98bd276a40dd4262a6d85499e172419167d,2026-08-21,,GI Cikupa,Curug 2,OCR,Lola Data & Asesmen,102.0,2021-08-05T00:00:00,,Ketidaksesuaian acuan CCC (1416) & Penggantian Rele,True
List Official Setting & Resetting UPT Durikosambi.xlsx,2019-2021,110,28ac8f6f240f887f82fbb59c99c8c98bd276a40dd4262a6d85499e172419167d,2026-08-21,,GI Cikupa,Curug 1,OCR,Lola Data & Asesmen,103.0,2021-08-05T00:00:00,,Ketidaksesuaian acuan CCC (1416),False
List Official Setting & Resetting UPT Durikosambi.xlsx,2019-2021,111,28ac8f6f240f887f82fbb59c99c8c98bd276a40dd4262a6d85499e172419167d,2026-08-21,,GI Curug,Cikupa 2,OCR,ULTG Tangerang Kota,104.0,2021-08-05T00:00:00,,Ketidaksesuaian acuan CCC (1416),False
List Official Setting & Resetting UPT Durikosambi.xlsx,2019-2021,112,28ac8f6f240f887f82fbb59c99c8c98bd276a40dd4262a6d85499e172419167d,2026-08-21,,GI Durikosambi,Cengkareng 2,OCR,ULTG Durikosambi,105.0,2021-08-18T00:00:00,,Resetting sesuai TSA,False
List Official Setting & Resetting UPT Durikosambi.xlsx,2019-2021,113,28ac8f6f240f887f82fbb59c99c8c98bd276a40dd4262a6d85499e172419167d,2026-08-21,,GI Cengkareng,Durikosambi 2,OCR,ULTG Tangerang Kota,106.0,2021-08-24T00:00:00,,"Resetting sesuai TSA, penggantian CT",False
List Official Setting & Resetting UPT Durikosambi.xlsx,2019-2021,114,28ac8f6f240f887f82fbb59c99c8c98bd276a40dd4262a6d85499e172419167d,2026-08-21,,GI Cengkareng Baru,TRF 2,SBEF,ULTG Tangerang Kota,107.0,2021-09-09T00:00:00,,Penggantian Keypad Rele,True
List Official Setting & Resetting UPT Durikosambi.xlsx,2019-2021,115,28ac8f6f240f887f82fbb59c99c8c98bd276a40dd4262a6d85499e172419167d,2026-08-21,,GIS Kebon Jeruk,"Karet Baru 1,2","Diff Pilot, OCR",ULTG Durikosambi,108.0,2021-10-22T00:00:00,LINK,Penggantian panel pasca kebakaran,False
List Official Setting & Resetting UPT Durikosambi.xlsx,2019-2021,116,28ac8f6f240f887f82fbb59c99c8c98bd276a40dd4262a6d85499e172419167d,2026-08-21,,GIS Kebon Jeruk,Kopel,OCR,ULTG Durikosambi,109.0,2021-10-22T00:00:00,LINK,Penggantian panel pasca kebakaran,False
List Official Setting & Resetting UPT Durikosambi.xlsx,2019-2021,117,28ac8f6f240f887f82fbb59c99c8c98bd276a40dd4262a6d85499e172419167d,2026-08-21,,GIS Kebon Jeruk,"Karet Baru 1/2, Durikosambi 1/2, Kopel",CBF,ULTG Durikosambi,110.0,2021-10-22T00:00:00,LINK,Penggantian panel pasca kebakaran,False
List Official Setting & Resetting UPT Durikosambi.xlsx,2019-2021,118,28ac8f6f240f887f82fbb59c99c8c98bd276a40dd4262a6d85499e172419167d,2026-08-21,,GIS Kebon Jeruk,"Durikosambi 1,2","LCD, OCR",ULTG Durikosambi,111.0,2021-10-22T00:00:00,LINK,Penggantian panel pasca kebakaran,False
List Official Setting & Resetting UPT Durikosambi.xlsx,2019-2021,119,28ac8f6f240f887f82fbb59c99c8c98bd276a40dd4262a6d85499e172419167d,2026-08-21,,GI New Balaraja,"Lautan Steel 1,2",Distance,ULTG Cikupa,112.0,,,,False
List Official Setting & Resetting UPT Durikosambi.xlsx,2019-2021,120,28ac8f6f240f887f82fbb59c99c8c98bd276a40dd4262a6d85499e172419167d,2026-08-21,,GI Lautan Steel,"New Balaraja 1,2",Distance,ULTG Cikupa,113.0,,,,False
List Official Setting & Resetting UPT Durikosambi.xlsx,2019-2021,121,28ac8f6f240f887f82fbb59c99c8c98bd276a40dd4262a6d85499e172419167d,2026-08-21,,GI Jatake,TRF 3,"DIFF, REF, OCR, SBEF",ULTG Tangerang Kota,114.0,2021-11-01T00:00:00,LINK,Penggantian kubikel inc dan kebutuhan pusertif,False
List Official Setting & Resetting UPT Durikosambi.xlsx,2019-2021,122,28ac8f6f240f887f82fbb59c99c8c98bd276a40dd4262a6d85499e172419167d,2026-08-21,,GIS Lontar,Tangerang Baru 1,Distance,ULTG Cikupa,115.0,2021-11-03T00:00:00,LINK,Penggantian rele Distance,False
List Official Setting & Resetting UPT Durikosambi.xlsx,2019-2021,123,28ac8f6f240f887f82fbb59c99c8c98bd276a40dd4262a6d85499e172419167d,2026-08-21,,GIS Kebon Jeruk,TRF 2,"DIFF, REF, OCR, SBEF",Konstruksi,116.0,2021-11-07T00:00:00,LINK,Perubahan CTN,False
List Official Setting & Resetting UPT Durikosambi.xlsx,2019-2021,124,28ac8f6f240f887f82fbb59c99c8c98bd276a40dd4262a6d85499e172419167d,2026-08-21,,GI Curug,Summarecon Gading Serpong 2,OCR,ULTG Tangerang Kota,117.0,2021-11-16T00:00:00,LINK,Resetting ketidaksesuaian CCC kabel,True
List Official Setting & Resetting UPT Durikosambi.xlsx,2019-2021,144,28ac8f6f240f887f82fbb59c99c8c98bd276a40dd4262a6d85499e172419167d,2026-08-21,,,,,HAR RUTIN BUSBAR,5.0,(dikeluarkan),,,
List Official Setting & Resetting UPT Durikosambi.xlsx,2019-2021,145,28ac8f6f240f887f82fbb59c99c8c98bd276a40dd4262a6d85499e172419167d,2026-08-21,,,,,HAR RUTIN DIAMETER,16.0,(dikeluarkan),,,
List Official Setting & Resetting UPT Durikosambi.xlsx,2022,5,28ac8f6f240f887f82fbb59c99c8c98bd276a40dd4262a6d85499e172419167d,2026-08-21,,GI 150KV ANGKE,KOPEL BUS 150kV,OCR 150kV,ULTG DURIKOSAMBI,001,2022-01-11T00:00:00,LINK,Uprating Busbar dan pengaktifan Buspro,
List Official Setting & Resetting UPT Durikosambi.xlsx,2022,6,28ac8f6f240f887f82fbb59c99c8c98bd276a40dd4262a6d85499e172419167d,2026-08-21,,GI 150KV NEW BALARAJA,PHT 150kV LAUTAN STEEL #1,DISTANCE,ULTG CIKUPA,002,2022-01-12T00:00:00,LINK,Temuan ketidaksesuaian jarak penghantar,
List Official Setting & Resetting UPT Durikosambi.xlsx,2022,7,28ac8f6f240f887f82fbb59c99c8c98bd276a40dd4262a6d85499e172419167d,2026-08-21,,GI 150KV NEW BALARAJA,PHT 150kV LAUTAN STEEL #2,DISTANCE,ULTG CIKUPA,002,2022-01-12T00:00:00,LINK,Temuan ketidaksesuaian jarak penghantar,
List Official Setting & Resetting UPT Durikosambi.xlsx,2022,8,28ac8f6f240f887f82fbb59c99c8c98bd276a40dd4262a6d85499e172419167d,2026-08-21,,GI 150KV LAUTAN STEEL,PHT 150kV NEW BALARAJA #1,DISTANCE,ULTG CIKUPA,003,2022-01-12T00:00:00,LINK,Temuan ketidaksesuaian jarak penghantar,
List Official Setting & Resetting UPT Durikosambi.xlsx,2022,9,28ac8f6f240f887f82fbb59c99c8c98bd276a40dd4262a6d85499e172419167d,2026-08-21,,GI 150KV LAUTAN STEEL,PHT 150kV NEW BALARAJA #2,DISTANCE,ULTG CIKUPA,003,2022-01-12T00:00:00,LINK,Temuan ketidaksesuaian jarak penghantar,
List Official Setting & Resetting UPT Durikosambi.xlsx,2022,10,28ac8f6f240f887f82fbb59c99c8c98bd276a40dd4262a6d85499e172419167d,2026-08-21,,GIS 150KV NEW SENAYAN,KOPEL BUS 150kV,OCR 150kV,LOLA DATA & ASESMEN,004,2022-01-12T00:00:00,LINK,Kesalahan resetting sebelumnya,
List Official Setting & Resetting UPT Durikosambi.xlsx,2022,11,28ac8f6f240f887f82fbb59c99c8c98bd276a40dd4262a6d85499e172419167d,2026-08-21,,GI 150KV LAUTAN STEEL,KOPEL BUS 150kV,OCR 150kV,LOLA DATA & ASESMEN,005,2022-01-12T00:00:00,LINK,Kondisi buspro tidak aktif,
List Official Setting & Resetting UPT Durikosambi.xlsx,2022,12,28ac8f6f240f887f82fbb59c99c8c98bd276a40dd4262a6d85499e172419167d,2026-08-21,,GI 150KV CITRA HABITAT,KOPEL BUS 150kV,OCR 150kV,LOLA DATA & ASESMEN,006,2022-01-12T00:00:00,LINK,Resetting OC terlalu rendah dan kondisi buspro tidak aktif,
List Official Setting & Resetting UPT Durikosambi.xlsx,2022,13,28ac8f6f240f887f82fbb59c99c8c98bd276a40dd4262a6d85499e172419167d,2026-08-21,,GI 150KV MAXIMANGANDO,KOPEL BUS 150kV,OCR 150kV,LOLA DATA & ASESMEN,007,2022-01-20T00:00:00,LINK,Resetting kondisi buspro aktif (pasca implementasi buspro goose),
List Official Setting & Resetting UPT Durikosambi.xlsx,2022,14,28ac8f6f240f887f82fbb59c99c8c98bd276a40dd4262a6d85499e172419167d,2026-08-21,,GI 150KV NEW BALARAJA,PHT 150kV LAUTAN STEEL #1,DISTANCE,ULTG CIKUPA,008,2022-01-20T00:00:00,LINK,Rev01 jarak penghantar,
List Official Setting & Resetting UPT Durikosambi.xlsx,2022,15,28ac8f6f240f887f82fbb59c99c8c98bd276a40dd4262a6d85499e172419167d,2026-08-21,,GI 150KV NEW BALARAJA,PHT 150kV LAUTAN STEEL #2,DISTANCE,ULTG CIKUPA,008,2022-01-20T00:00:00,LINK,Rev01 jarak penghantar,
List Official Setting & Resetting UPT Durikosambi.xlsx,2022,16,28ac8f6f240f887f82fbb59c99c8c98bd276a40dd4262a6d85499e172419167d,2026-08-21,,GI 150KV LAUTAN STEEL,PHT 150kV NEW BALARAJA #1,DISTANCE,ULTG CIKUPA,009,2022-01-20T00:00:00,LINK,Rev01 jarak penghantar,
List Official Setting & Resetting UPT Durikosambi.xlsx,2022,17,28ac8f6f240f887f82fbb59c99c8c98bd276a40dd4262a6d85499e172419167d,2026-08-21,,GI 150KV LAUTAN STEEL,PHT 150kV NEW BALARAJA #2,DISTANCE,ULTG CIKUPA,009,2022-01-20T00:00:00,LINK,Rev01 jarak penghantar,
List Official Setting & Resetting UPT Durikosambi.xlsx,2022,18,28ac8f6f240f887f82fbb59c99c8c98bd276a40dd4262a6d85499e172419167d,2026-08-21,,GIS 150KV KEMBANGAN,TRF#1 150/20kV,"DIFF, REF, OCR, SBEF",KONSTRUKSI,010,2022-01-20T00:00:00,LINK,Penggantian TRF #1 dan CTN HV,
List Official Setting & Resetting UPT Durikosambi.xlsx,2022,19,28ac8f6f240f887f82fbb59c99c8c98bd276a40dd4262a6d85499e172419167d,2026-08-21,,GI 150KV CURUG,TRF#1 150/20kV,DIFF,ULTG TANGERANG KOTA,011,2022-01-20T00:00:00,LINK,Penggantian rele dan migrasi High Impedance to Low Impedance,
List Official Setting & Resetting UPT Durikosambi.xlsx,2022,20,28ac8f6f240f887f82fbb59c99c8c98bd276a40dd4262a6d85499e172419167d,2026-08-21,,GI 150KV MILENIUM,KOPEL BUS 150kV,OCR 150kV,LOLA DATA & ASESMEN,012,2022-02-08T00:00:00,LINK,Resetting buspro kondisi off (ada anomaly sehingga buspro blok),
List Official Setting & Resetting UPT Durikosambi.xlsx,2022,21,28ac8f6f240f887f82fbb59c99c8c98bd276a40dd4262a6d85499e172419167d,2026-08-21,,GI 150KV MUARAKARANG BARU,PHT 150kV MUARAKARANG LAMA#1,OCR 150kV,LOLA DATA & ASESMEN,013,2022-02-10T00:00:00,LINK,Resetting sesuai nilai TSA,
List Official Setting & Resetting UPT Durikosambi.xlsx,2022,22,28ac8f6f240f887f82fbb59c99c8c98bd276a40dd4262a6d85499e172419167d,2026-08-21,,GI 150KV MUARAKARANG BARU,PHT 150KV MUARAKARANG BARU #2,OCR 150kV,LOLA DATA & ASESMEN,014,2022-02-10T00:00:00,LINK,Resetting sesuai nilai TSA,
List Official Setting & Resetting UPT Durikosambi.xlsx,2022,23,28ac8f6f240f887f82fbb59c99c8c98bd276a40dd4262a6d85499e172419167d,2026-08-21,,GI 150KV MUARAKARANG LAMA,PHT 150KV MUARAKARANG BARU #1,OCR 150kV,LOLA DATA & ASESMEN,015,2022-02-12T00:00:00,LINK,Resetting sesuai nilai TSA,
List Official Setting & Resetting UPT Durikosambi.xlsx,2022,24,28ac8f6f240f887f82fbb59c99c8c98bd276a40dd4262a6d85499e172419167d,2026-08-21,,GI 150KV NEW BALARAJA,TRF#1 150/20kV,"DIFF, REF, OCR, SBEF",KONSTRUKSI,016,2022-02-16T00:00:00,LINK,Penggantian TRF,
List Official Setting & Resetting UPT Durikosambi.xlsx,2022,25,28ac8f6f240f887f82fbb59c99c8c98bd276a40dd4262a6d85499e172419167d,2026-08-21,,GI 150KV JATAKE,KOPEL BUS 150kV,OCR 150kV,ULTG TANGERANG KOTA,017,2022-02-16T00:00:00,LINK,Kondisi buspro aktif,
List Official Setting & Resetting UPT Durikosambi.xlsx,2022,26,28ac8f6f240f887f82fbb59c99c8c98bd276a40dd4262a6d85499e172419167d,2026-08-21,,GI 150KV JATAKE,TRF#2 150/20kV,"DIFF, REF, OCR, SBEF",PIHAK KETIGA,,,,Penggantian panel kontrol dan proteksi,
List Official Setting & Resetting UPT Durikosambi.xlsx,2022,27,28ac8f6f240f887f82fbb59c99c8c98bd276a40dd4262a6d85499e172419167d,2026-08-21,,GIS 150KV SUMMARECON GADING SERPONG,PHT 150kV ALAM SUTERA #2,OCR 150kV,LOLA DATA & ASESMEN,018,2020-02-24T00:00:00,LINK,Temuan ketidaksesuaian CCC eksisting,
List Official Setting & Resetting UPT Durikosambi.xlsx,2022,28,28ac8f6f240f887f82fbb59c99c8c98bd276a40dd4262a6d85499e172419167d,2026-08-21,,GIS 150KV ALAM SUTERA,PHT 150kV SUMMARECON GADING SERPONG #2,OCR 150kV,LOLA DATA & ASESMEN,019,2022-02-24T00:00:00,LINK,Temuan ketidaksesuaian CCC eksisting,
List Official Setting & Resetting UPT Durikosambi.xlsx,2022,29,28ac8f6f240f887f82fbb59c99c8c98bd276a40dd4262a6d85499e172419167d,2026-08-21,,GIS 150KV GROGOL,KOPEL BUS 150kV,OCR 150kV,LOLA DATA & ASESMEN,020,2022-03-01T00:00:00,LINK,kondisi buspro aktif,
List Official Setting & Resetting UPT Durikosambi.xlsx,2022,30,28ac8f6f240f887f82fbb59c99c8c98bd276a40dd4262a6d85499e172419167d,2026-08-21,,GI 150KV TIGARAKSA,KOPEL BUS 150kV,OCR 150kV,LOLA DATA & ASESMEN,021,2022-03-01T00:00:00,LINK,kondisi buspro aktif,
List Official Setting & Resetting UPT Durikosambi.xlsx,2022,31,28ac8f6f240f887f82fbb59c99c8c98bd276a40dd4262a6d85499e172419167d,2026-08-21,,GI 150KV CENGKARENG,TRF#1 150/20kV,"DIFF, REF, OCR, SBEF",KONSTRUKSI,022,2022-03-07T00:00:00,LINK,Review penggantian TRF,
List Official Setting & Resetting UPT Durikosambi.xlsx,2022,32,28ac8f6f240f887f82fbb59c99c8c98bd276a40dd4262a6d85499e172419167d,2026-08-21,,GI 150KV CENGKARENG BARU,KOPEL BUS 150kV,OCR 150kV,LOLA DATA & ASESMEN,023,2022-03-08T00:00:00,LINK,kondisi buspro aktif,
List Official Setting & Resetting UPT Durikosambi.xlsx,2022,33,28ac8f6f240f887f82fbb59c99c8c98bd276a40dd4262a6d85499e172419167d,2026-08-21,,GI 150KV CILEDUG,PHT 150kV ALAM SUTERA #2,OCR 150kV,LOLA DATA & ASESMEN,024,2022-03-10T00:00:00,LINK,Temuan ketidaksesuaian CCC eksisting,
List Official Setting & Resetting UPT Durikosambi.xlsx,2022,34,28ac8f6f240f887f82fbb59c99c8c98bd276a40dd4262a6d85499e172419167d,2026-08-21,,GIS 150KV ALAM SUTERA,PHT 150kV CILEDUG #2,OCR 150kV,LOLA DATA & ASESMEN,025,2022-03-10T00:00:00,LINK,Temuan ketidaksesuaian CCC eksisting,
List Official Setting & Resetting UPT Durikosambi.xlsx,2022,35,28ac8f6f240f887f82fbb59c99c8c98bd276a40dd4262a6d85499e172419167d,2026-08-21,,GIS 150KV ALAM SUTERA,PHT 150kV CILEDUG #1,"DISTANCE, OCR",LOLA DATA & ASESMEN,026,2022-03-27T00:00:00,LINK,Temuan ketidaksesuaian CCC eksisting,
List Official Setting & Resetting UPT Durikosambi.xlsx,2022,36,28ac8f6f240f887f82fbb59c99c8c98bd276a40dd4262a6d85499e172419167d,2026-08-21,,GIS 150KV KEMBANGAN,PHT 150kV CILEDUG #1,OCR 150kV,LOLA DATA & ASESMEN,027,2022-04-05T00:00:00,LINK,Temuan ketidaksesuaian CCC eksisting,
List Official Setting & Resetting UPT Durikosambi.xlsx,2022,37,28ac8f6f240f887f82fbb59c99c8c98bd276a40dd4262a6d85499e172419167d,2026-08-21,,GIS 150KV KEMBANGAN,PHT 150kV CILEDUG #2,OCR 150kV,LOLA DATA & ASESMEN,027,2022-04-05T00:00:00,LINK,Temuan ketidaksesuaian CCC eksisting,
List Official Setting & Resetting UPT Durikosambi.xlsx,2022,38,28ac8f6f240f887f82fbb59c99c8c98bd276a40dd4262a6d85499e172419167d,2026-08-21,,GI 150KV DURIKOSAMBI,PHT 150kV DAAN MOGOT #1,OCR 150kV,LOLA DATA & ASESMEN,028,2022-04-05T00:00:00,LINK,Ganti rele,
List Official Setting & Resetting UPT Durikosambi.xlsx,2022,39,28ac8f6f240f887f82fbb59c99c8c98bd276a40dd4262a6d85499e172419167d,2026-08-21,,GI 150KV DURIKOSAMBI,PHT 150kV DAAN MOGOT #2,OCR 150kV,LOLA DATA & ASESMEN,029,2022-04-05T00:00:00,LINK,Ganti rele,
List Official Setting & Resetting UPT Durikosambi.xlsx,2022,40,28ac8f6f240f887f82fbb59c99c8c98bd276a40dd4262a6d85499e172419167d,2026-08-21,,GI 150KV BALARAJA,PHT 150kV NEW BALARAJA #1,,,,,,,
List Official Setting & Resetting UPT Durikosambi.xlsx,2022,41,28ac8f6f240f887f82fbb59c99c8c98bd276a40dd4262a6d85499e172419167d,2026-08-21,,GI 150KV BALARAJA,PHT 150kV NEW BALARAJA #2,,,,,,,
List Official Setting & Resetting UPT Durikosambi.xlsx,2022,42,28ac8f6f240f887f82fbb59c99c8c98bd276a40dd4262a6d85499e172419167d,2026-08-21,,GI 150KV NEW BALARAJA,PHT 150kV BALARAJA #1,,,,,,,
List Official Setting & Resetting UPT Durikosambi.xlsx,2022,43,28ac8f6f240f887f82fbb59c99c8c98bd276a40dd4262a6d85499e172419167d,2026-08-21,,GI 150KV NEW BALARAJA,PHT 150kV BALARAJA #2,,,,,,,
List Official Setting & Resetting UPT Durikosambi.xlsx,2022,44,28ac8f6f240f887f82fbb59c99c8c98bd276a40dd4262a6d85499e172419167d,2026-08-21,,GI 150KV CENGKARENG BARU,PHT 150kV CENGKARENG #2,"DISTANCE, OCR",ULTG TANGERANG KOTA,030,2022-05-12T00:00:00,LINK,Evaluasi Setting,
List Official Setting & Resetting UPT Durikosambi.xlsx,2022,45,28ac8f6f240f887f82fbb59c99c8c98bd276a40dd4262a6d85499e172419167d,2026-08-21,,GI 150KV CENGKARENG,PHT 150kV CENGKARENG BARU #2,"DISTANCE, OCR",ULTG TANGERANG KOTA,031,2022-05-12T00:00:00,LINK,Evaluasi Setting,
List Official Setting & Resetting UPT Durikosambi.xlsx,2022,46,28ac8f6f240f887f82fbb59c99c8c98bd276a40dd4262a6d85499e172419167d,2026-08-21,,GIS 150KV ALAM SUTERA,KOPEL BUS 150kV,OCR 150kV,ULTG TANGERANG KOTA,032,2022-05-19T00:00:00,LINK,Resetting kondisi buspro aktif,
List Official Setting & Resetting UPT Durikosambi.xlsx,2022,47,28ac8f6f240f887f82fbb59c99c8c98bd276a40dd4262a6d85499e172419167d,2026-08-21,,GIS 150KV ALAM SUTERA,TRF#2 150/20kV,"DIFF, REF, OCR, SBEF",ULTG TANGERANG KOTA,033,2022-05-31T00:00:00,LINK,Evaluasi Setting,
List Official Setting & Resetting UPT Durikosambi.xlsx,2022,48,28ac8f6f240f887f82fbb59c99c8c98bd276a40dd4262a6d85499e172419167d,2026-08-21,,GIS 150KV ALAM SUTERA,TRF#1 150/20kV,DIFF,ULTG TANGERANG KOTA,034,2022-06-06T00:00:00,LINK,Ketidaksesuaian setting REF,
List Official Setting & Resetting UPT Durikosambi.xlsx,2022,49,28ac8f6f240f887f82fbb59c99c8c98bd276a40dd4262a6d85499e172419167d,2026-08-21,,GI 150KV JATAKE,PHT 150kV JATAKE BARU #2,"DISTANCE, OCR",ULTG TANGERANG KOTA,035,2022-07-16T00:00:00,LINK,Penggantian Ratio CT,
List Official Setting & Resetting UPT Durikosambi.xlsx,2023,5,28ac8f6f240f887f82fbb59c99c8c98bd276a40dd4262a6d85499e172419167d,2026-08-21,,GI 150KV JATAKE,TRF#3 150/20kV,"DIFF, REF",ULTG TANGERANG KOTA,001,2023-01-03T00:00:00,,Penggantian CTN HV (400/5),
List Official Setting & Resetting UPT Durikosambi.xlsx,2023,6,28ac8f6f240f887f82fbb59c99c8c98bd276a40dd4262a6d85499e172419167d,2026-08-21,,GI 150KV JATAKE,PHT 150kV JATAKE BARU #1,DISTANCE,ULTG TANGERANG KOTA,002,2023-03-06T00:00:00,,Penggantian CT (1600/5),
List Official Setting & Resetting UPT Durikosambi.xlsx,2023,7,28ac8f6f240f887f82fbb59c99c8c98bd276a40dd4262a6d85499e172419167d,2026-08-21,,GIS 150KV KEBON JERUK,KOPEL BUS 150kV,OCR 150kV,ULTG DURIKOSAMBI,003,2023-03-14T00:00:00,,Kroscek setting,
List Official Setting & Resetting UPT Durikosambi.xlsx,2023,8,28ac8f6f240f887f82fbb59c99c8c98bd276a40dd4262a6d85499e172419167d,2026-08-21,,GI 150KV ANGKE,KAPASITOR SC #2 150kV,UNBALANCE,ULTG DURIKOSAMBI,004,2023-04-11T00:00:00,,Breakdown 1 bank phasa S,
List Official Setting & Resetting UPT Durikosambi.xlsx,2023,9,28ac8f6f240f887f82fbb59c99c8c98bd276a40dd4262a6d85499e172419167d,2026-08-21,,GI 150KV TIGARAKSA,PHT 150kV CITRA HABITAT #2,DISTANCE,LOLA DATA & ASESMEN,005,2023-05-09T00:00:00,,Evaluasi setting (ada ketidaksamaan setting eksisting pht 1 dan 2),
List Official Setting & Resetting UPT Durikosambi.xlsx,2023,10,28ac8f6f240f887f82fbb59c99c8c98bd276a40dd4262a6d85499e172419167d,2026-08-21,,GI 150KV CITRA HABITAT,PHT 150kV SINAR SAHABAT #1,"LCD, OCR",KONSTRUKSI,006,2023-05-15T00:00:00,,Penggantian CT (2000/1),
List Official Setting & Resetting UPT Durikosambi.xlsx,2023,11,28ac8f6f240f887f82fbb59c99c8c98bd276a40dd4262a6d85499e172419167d,2026-08-21,,GI 150KV CITRA HABITAT,PHT 150kV SINAR SAHABAT #2,"LCD, OCR",KONSTRUKSI,006,2023-05-15T00:00:00,,Penggantian CT (2000/1),
List Official Setting & Resetting UPT Durikosambi.xlsx,2023,12,28ac8f6f240f887f82fbb59c99c8c98bd276a40dd4262a6d85499e172419167d,2026-08-21,,GI 150KV CITRA HABITAT,PHT 150kV TIGARAKSA #1,"LCD, OCR",KONSTRUKSI,007,2023-05-15T00:00:00,,Penggantian CT (2000/1),
List Official Setting & Resetting UPT Durikosambi.xlsx,2023,13,28ac8f6f240f887f82fbb59c99c8c98bd276a40dd4262a6d85499e172419167d,2026-08-21,,GI 150KV CITRA HABITAT,PHT 150kV TIGARAKSA #1,"LCD, OCR",KONSTRUKSI,007,2023-05-15T00:00:00,,Penggantian CT (2000/1),
List Official Setting & Resetting UPT Durikosambi.xlsx,2023,14,28ac8f6f240f887f82fbb59c99c8c98bd276a40dd4262a6d85499e172419167d,2026-08-21,,GI 150KV CITRA HABITAT,TRF#2 150/20kV,"DIFF, REF, OCR, SBEF",KONSTRUKSI,008,2023-06-09T00:00:00,,Penggantian CT,
List Official Setting & Resetting UPT Durikosambi.xlsx,2023,15,28ac8f6f240f887f82fbb59c99c8c98bd276a40dd4262a6d85499e172419167d,2026-08-21,,GI 150KV BALARAJA,PHT 150kV SINDANG JAYA #1,,,,,,Penggantian CT,
List Official Setting & Resetting UPT Durikosambi.xlsx,2023,16,28ac8f6f240f887f82fbb59c99c8c98bd276a40dd4262a6d85499e172419167d,2026-08-21,,GI 150KV CENGKARENG,KOPEL BUS 150kV,OCR 150kV,ULTG DURIKOSAMBI,009,2023-07-10T00:00:00,,Aktivasi Buspro,
List Official Setting & Resetting UPT Durikosambi.xlsx,2023,17,28ac8f6f240f887f82fbb59c99c8c98bd276a40dd4262a6d85499e172419167d,2026-08-21,,GIS 150KV LONTAR,PHT 150kV DADAP #1,OCR 150kV,ULTG CIKUPA,010,2023-07-25T00:00:00,,Ketidaksesuaian CCC penghantar,
List Official Setting & Resetting UPT Durikosambi.xlsx,2023,18,28ac8f6f240f887f82fbb59c99c8c98bd276a40dd4262a6d85499e172419167d,2026-08-21,,GIS 150KV LONTAR,PHT 150kV DADAP #2,OCR 150kV,ULTG CIKUPA,010,2023-07-25T00:00:00,,Ketidaksesuaian CCC penghantar,
List Official Setting & Resetting UPT Durikosambi.xlsx,2023,19,28ac8f6f240f887f82fbb59c99c8c98bd276a40dd4262a6d85499e172419167d,2026-08-21,,GI 150KV DADAP,PHT 150kV LONTAR #1,OCR 150kV,LOLA DATA & ASESMEN,011,2023-07-25T00:00:00,,Ketidaksesuaian CCC penghantar,
List Official Setting & Resetting UPT Durikosambi.xlsx,2023,20,28ac8f6f240f887f82fbb59c99c8c98bd276a40dd4262a6d85499e172419167d,2026-08-21,,GI 150KV DADAP,PHT 150kV LONTAR #2,OCR 150kV,LOLA DATA & ASESMEN,011,2023-07-25T00:00:00,,Ketidaksesuaian CCC penghantar,
List Official Setting & Resetting UPT Durikosambi.xlsx,2023,21,28ac8f6f240f887f82fbb59c99c8c98bd276a40dd4262a6d85499e172419167d,2026-08-21,,GI 150KV BALARAJA,KOPEL BUS 150kV,OCR 150kV,ULTG CIKUPA,012,2023-07-25T00:00:00,,Buspro tidak aktif,
List Official Setting & Resetting UPT Durikosambi.xlsx,2023,22,28ac8f6f240f887f82fbb59c99c8c98bd276a40dd4262a6d85499e172419167d,2026-08-21,,GI 150KV TANGERANG,KOPEL BUS 150kV,OCR 150kV,ULTG TANGERANG KOTA,013,2023-08-01T00:00:00,,Buspro aktif,
List Official Setting & Resetting UPT Durikosambi.xlsx,2023,23,28ac8f6f240f887f82fbb59c99c8c98bd276a40dd4262a6d85499e172419167d,2026-08-21,,GI 150KV CIKUPA,KOPEL BUS 150kV,OCR 150kV,LOLA DATA & ASESMEN,014,2023-08-15T00:00:00,,Buspro Aktif,
List Official Setting & Resetting UPT Durikosambi.xlsx,2023,24,28ac8f6f240f887f82fbb59c99c8c98bd276a40dd4262a6d85499e172419167d,2026-08-21,,GI 150KV TANGERANG,TRF#4 150/20kV,OCR 150kV,ULTG TANGERANG KOTA,015,2023-09-29T00:00:00,,resetting GFR sesuai JIAC,
List Official Setting & Resetting UPT Durikosambi.xlsx,2023,25,28ac8f6f240f887f82fbb59c99c8c98bd276a40dd4262a6d85499e172419167d,2026-08-21,,GI 150KV CENGKARENG,TRF#2 150/20kV,OCR 150kV,ULTG TANGERANG KOTA,016,2023-09-29T00:00:00,,resetting GFR sesuai JIAC,
List Official Setting & Resetting UPT Durikosambi.xlsx,2023,26,28ac8f6f240f887f82fbb59c99c8c98bd276a40dd4262a6d85499e172419167d,2026-08-21,,GI 150KV CENGKARENG,TRF#4 150/20kV,OCR 150kV,ULTG TANGERANG KOTA,017,2023-09-29T00:00:00,,resetting GFR sesuai JIAC,
List Official Setting & Resetting UPT Durikosambi.xlsx,2023,27,28ac8f6f240f887f82fbb59c99c8c98bd276a40dd4262a6d85499e172419167d,2026-08-21,,GI 150KV TELUK NAGA,TRF#3 150/20kV,OCR 150kV,ULTG TANGERANG KOTA,018,2023-09-29T00:00:00,,resetting GFR sesuai JIAC,
List Official Setting & Resetting UPT Durikosambi.xlsx,2023,28,28ac8f6f240f887f82fbb59c99c8c98bd276a40dd4262a6d85499e172419167d,2026-08-21,,GIS 150KV DAAN MOGOT,PHT 150kV DURIKOSAMBI #1,"DISTANCE, OCR",ULTG TANGERANG KOTA,019,2023-10-03T00:00:00,,ganti CT,
List Official Setting & Resetting UPT Durikosambi.xlsx,2023,29,28ac8f6f240f887f82fbb59c99c8c98bd276a40dd4262a6d85499e172419167d,2026-08-21,,GIS 150KV DAAN MOGOT,PHT 150kV DURIKOSAMBI #2,"DISTANCE, OCR",ULTG TANGERANG KOTA,019,2023-10-06T00:00:00,,ganti CT,
List Official Setting & Resetting UPT Durikosambi.xlsx,2023,30,28ac8f6f240f887f82fbb59c99c8c98bd276a40dd4262a6d85499e172419167d,2026-08-21,,GIS 150KV PANTAI INDAH KAPUK,TRF#3 150/20kV,"DIFF, REF, OCR, SBEF",KONSTRUKSI,020,2023-10-10T00:00:00,,penggantian trafo,
List Official Setting & Resetting UPT Durikosambi.xlsx,2023,31,28ac8f6f240f887f82fbb59c99c8c98bd276a40dd4262a6d85499e172419167d,2026-08-21,,GIS 150KV ALAM SUTERA,TRF#3 150/20kV,SBEF,ULTG TANGERANG KOTA,021,2023-10-17T00:00:00,,Kroscek setting,
List Official Setting & Resetting UPT Durikosambi.xlsx,2023,32,28ac8f6f240f887f82fbb59c99c8c98bd276a40dd4262a6d85499e172419167d,2026-08-21,,GI 150KV MAXIMANGANDO,TRF#1 150/20kV,SBEF,ULTG TANGERANG KOTA,022,2023-10-24T00:00:00,,Penggantian NGR,
List Official Setting & Resetting UPT Durikosambi.xlsx,2023,33,28ac8f6f240f887f82fbb59c99c8c98bd276a40dd4262a6d85499e172419167d,2026-08-21,,GI 150KV JATAKE,PHT 150kV CIKUPA #2,OCR 150kV,ULTG TANGERANG KOTA,023,2023-10-28T00:00:00,,"Uprating crossbar, inom terkecil jadi 1600",
List Official Setting & Resetting UPT Durikosambi.xlsx,2023,34,28ac8f6f240f887f82fbb59c99c8c98bd276a40dd4262a6d85499e172419167d,2026-08-21,,GI 150KV JATAKE,PHT 150kV CIKUPA #1,OCR 150kV,ULTG TANGERANG KOTA,024,2023-10-30T00:00:00,,"Uprating crossbar, inom terkecil jadi 1560",
List Official Setting & Resetting UPT Durikosambi.xlsx,2023,35,28ac8f6f240f887f82fbb59c99c8c98bd276a40dd4262a6d85499e172419167d,2026-08-21,,GI 150KV ANGKE,TRF#3 150/20kV,"DIFF, REF, OCR, SBEF",LOLA DATA & ASESMEN,025,2023-11-24T00:00:00,,penggantian trafo,
List Official Setting & Resetting UPT Durikosambi.xlsx,2023,36,28ac8f6f240f887f82fbb59c99c8c98bd276a40dd4262a6d85499e172419167d,2026-08-21,,GI 150KV ANGKE,PHT 150kV KETAPANG #2,LCD,LOLA DATA & ASESMEN,026,2023-12-22T00:00:00,,,
List Official Setting & Resetting UPT Durikosambi.xlsx,2023,37,28ac8f6f240f887f82fbb59c99c8c98bd276a40dd4262a6d85499e172419167d,2026-08-21,,GI 150KV ANGKE,PHT 150kV KETAPANG #2,OCR 150kV,LOLA DATA & ASESMEN,026,2023-12-22T00:00:00,,,
List Official Setting & Resetting UPT Durikosambi.xlsx,2024,5,28ac8f6f240f887f82fbb59c99c8c98bd276a40dd4262a6d85499e172419167d,2026-08-21,ULTG ANGKE,GI 150KV ANGKE,TRF#1 150/20kV,OCR 150kV,LOLA DATA & ASESMEN,001,2024-10-07T00:00:00,LINK,,
List Official Setting & Resetting UPT Durikosambi.xlsx,2024,6,28ac8f6f240f887f82fbb59c99c8c98bd276a40dd4262a6d85499e172419167d,2026-08-21,ULTG ANGKE,GI 150KV ANGKE,TRF#2 150/20kV,OCR 150kV,LOLA DATA & ASESMEN,002,2024-10-07T00:00:00,LINK,,
List Official Setting & Resetting UPT Durikosambi.xlsx,2024,7,28ac8f6f240f887f82fbb59c99c8c98bd276a40dd4262a6d85499e172419167d,2026-08-21,ULTG ANGKE,GI 150KV ANGKE,TRF#3 150/20kV,OCR 150kV,LOLA DATA & ASESMEN,003,2024-10-07T00:00:00,LINK,,
List Official Setting & Resetting UPT Durikosambi.xlsx,2024,8,28ac8f6f240f887f82fbb59c99c8c98bd276a40dd4262a6d85499e172419167d,2026-08-21,ULTG ANGKE,GI 150KV ANGKE,TRF#4 150/20kV,OCR 150kV,LOLA DATA & ASESMEN,004,2024-10-07T00:00:00,LINK,,
List Official Setting & Resetting UPT Durikosambi.xlsx,2024,9,28ac8f6f240f887f82fbb59c99c8c98bd276a40dd4262a6d85499e172419167d,2026-08-21,ULTG ANGKE,GI 150KV DADAP,TRF#1 150/20kV,OCR 150kV,LOLA DATA & ASESMEN,005,2024-10-10T00:00:00,LINK,,
List Official Setting & Resetting UPT Durikosambi.xlsx,2024,10,28ac8f6f240f887f82fbb59c99c8c98bd276a40dd4262a6d85499e172419167d,2026-08-21,ULTG ANGKE,GI 150KV DADAP,TRF#2 150/20kV,OCR 150kV,LOLA DATA & ASESMEN,006,2024-10-10T00:00:00,LINK,,
List Official Setting & Resetting UPT Durikosambi.xlsx,2024,11,28ac8f6f240f887f82fbb59c99c8c98bd276a40dd4262a6d85499e172419167d,2026-08-21,ULTG ANGKE,GIS 150KV DAAN MOGOT,TRF#1 150/20kV,OCR 150kV,LOLA DATA & ASESMEN,007,2024-10-10T00:00:00,LINK,,
List Official Setting & Resetting UPT Durikosambi.xlsx,2024,12,28ac8f6f240f887f82fbb59c99c8c98bd276a40dd4262a6d85499e172419167d,2026-08-21,ULTG ANGKE,GIS 150KV DAAN MOGOT,TRF#2 150/20kV,OCR 150kV,LOLA DATA & ASESMEN,008,2024-10-10T00:00:00,LINK,,
List Official Setting & Resetting UPT Durikosambi.xlsx,2024,13,28ac8f6f240f887f82fbb59c99c8c98bd276a40dd4262a6d85499e172419167d,2026-08-21,ULTG ANGKE,GIS 150KV DAAN MOGOT,TRF#3 150/20kV,OCR 150kV,LOLA DATA & ASESMEN,009,2024-10-10T00:00:00,LINK,,
List Official Setting & Resetting UPT Durikosambi.xlsx,2024,14,28ac8f6f240f887f82fbb59c99c8c98bd276a40dd4262a6d85499e172419167d,2026-08-21,ULTG ANGKE,GIS 150KV GROGOL,TRF#1 150/20kV,OCR 150kV,LOLA DATA & ASESMEN,010,2024-10-10T00:00:00,LINK,,
List Official Setting & Resetting UPT Durikosambi.xlsx,2024,15,28ac8f6f240f887f82fbb59c99c8c98bd276a40dd4262a6d85499e172419167d,2026-08-21,ULTG ANGKE,GIS 150KV GROGOL,TRF#2 150/20kV,OCR 150kV,LOLA DATA & ASESMEN,011,2024-10-07T00:00:00,LINK,,
List Official Setting & Resetting UPT Durikosambi.xlsx,2024,16,28ac8f6f240f887f82fbb59c99c8c98bd276a40dd4262a6d85499e172419167d,2026-08-21,ULTG ANGKE,GIS 150KV GROGOL,TRF#3 150/20kV,OCR 150kV,LOLA DATA & ASESMEN,012,2024-10-10T00:00:00,LINK,,
List Official Setting & Resetting UPT Durikosambi.xlsx,2024,17,28ac8f6f240f887f82fbb59c99c8c98bd276a40dd4262a6d85499e172419167d,2026-08-21,ULTG ANGKE,GIS 150KV GROGOL BARU,TRF#1 150/20kV,OCR 150kV,LOLA DATA & ASESMEN,013,2024-10-10T00:00:00,LINK,,
List Official Setting & Resetting UPT Durikosambi.xlsx,2024,18,28ac8f6f240f887f82fbb59c99c8c98bd276a40dd4262a6d85499e172419167d,2026-08-21,ULTG ANGKE,GIS 150KV GROGOL BARU,TRF#2 150/20kV,OCR 150kV,LOLA DATA & ASESMEN,014,2024-10-10T00:00:00,LINK,,
List Official Setting & Resetting UPT Durikosambi.xlsx,2024,19,28ac8f6f240f887f82fbb59c99c8c98bd276a40dd4262a6d85499e172419167d,2026-08-21,ULTG ANGKE,GIS 150KV KEBON JERUK,TRF#1 150/20kV,OCR 150kV,LOLA DATA & ASESMEN,015,2024-10-07T00:00:00,LINK,,
List Official Setting & Resetting UPT Durikosambi.xlsx,2024,20,28ac8f6f240f887f82fbb59c99c8c98bd276a40dd4262a6d85499e172419167d,2026-08-21,ULTG ANGKE,GIS 150KV KEBON JERUK,TRF#2 150/20kV,OCR 150kV,LOLA DATA & ASESMEN,016,2024-10-07T00:00:00,LINK,,
List Official Setting & Resetting UPT Durikosambi.xlsx,2024,21,28ac8f6f240f887f82fbb59c99c8c98bd276a40dd4262a6d85499e172419167d,2026-08-21,ULTG ANGKE,GIS 150KV KEBON JERUK,TRF#3 150/20kV,OCR 150kV,LOLA DATA & ASESMEN,017,2024-10-07T00:00:00,LINK,,
List Official Setting & Resetting UPT Durikosambi.xlsx,2024,22,28ac8f6f240f887f82fbb59c99c8c98bd276a40dd4262a6d85499e172419167d,2026-08-21,ULTG ANGKE,GIS 150KV MUARAKARANG BARU,TRF#1 150/20kV,OCR 150kV,LOLA DATA & ASESMEN,018,2024-10-10T00:00:00,LINK,,
List Official Setting & Resetting UPT Durikosambi.xlsx,2024,23,28ac8f6f240f887f82fbb59c99c8c98bd276a40dd4262a6d85499e172419167d,2026-08-21,ULTG ANGKE,GIS 150KV MUARAKARANG BARU,TRF#2 150/20kV,OCR 150kV,LOLA DATA & ASESMEN,019,2024-10-10T00:00:00,LINK,,
List Official Setting & Resetting UPT Durikosambi.xlsx,2024,24,28ac8f6f240f887f82fbb59c99c8c98bd276a40dd4262a6d85499e172419167d,2026-08-21,ULTG ANGKE,GIS 150KV MUARAKARANG BARU,TRF#3 150/20kV,OCR 150kV,LOLA DATA & ASESMEN,020,2024-10-10T00:00:00,LINK,,
List Official Setting & Resetting UPT Durikosambi.xlsx,2024,25,28ac8f6f240f887f82fbb59c99c8c98bd276a40dd4262a6d85499e172419167d,2026-08-21,ULTG ANGKE,GIS 150KV NEW SENAYAN,TRF#1 150/20kV,OCR 150kV,LOLA DATA & ASESMEN,021,2024-10-08T00:00:00,LINK,,
List Official Setting & Resetting UPT Durikosambi.xlsx,2024,26,28ac8f6f240f887f82fbb59c99c8c98bd276a40dd4262a6d85499e172419167d,2026-08-21,ULTG ANGKE,GIS 150KV NEW SENAYAN,TRF#2 150/20kV,OCR 150kV,LOLA DATA & ASESMEN,022,2024-10-08T00:00:00,LINK,,
List Official Setting & Resetting UPT Durikosambi.xlsx,2024,27,28ac8f6f240f887f82fbb59c99c8c98bd276a40dd4262a6d85499e172419167d,2026-08-21,ULTG ANGKE,GIS 150KV NEW SENAYAN,TRF#3 150/20kV,OCR 150kV,LOLA DATA & ASESMEN,023,2024-10-08T00:00:00,LINK,,
List Official Setting & Resetting UPT Durikosambi.xlsx,2024,28,28ac8f6f240f887f82fbb59c99c8c98bd276a40dd4262a6d85499e172419167d,2026-08-21,ULTG ANGKE,GIS 150KV PANTAI INDAH KAPUK,TRF#1 150/20kV,OCR 150kV,LOLA DATA & ASESMEN,024,2024-10-10T00:00:00,LINK,,
List Official Setting & Resetting UPT Durikosambi.xlsx,2024,29,28ac8f6f240f887f82fbb59c99c8c98bd276a40dd4262a6d85499e172419167d,2026-08-21,ULTG ANGKE,GIS 150KV PANTAI INDAH KAPUK,TRF#2 150/20kV,OCR 150kV,LOLA DATA & ASESMEN,025,2024-10-10T00:00:00,LINK,,
List Official Setting & Resetting UPT Durikosambi.xlsx,2024,30,28ac8f6f240f887f82fbb59c99c8c98bd276a40dd4262a6d85499e172419167d,2026-08-21,ULTG ANGKE,GIS 150KV PANTAI INDAH KAPUK,TRF#3 150/20kV,OCR 150kV,LOLA DATA & ASESMEN,026,2024-10-10T00:00:00,LINK,,
List Official Setting & Resetting UPT Durikosambi.xlsx,2024,31,28ac8f6f240f887f82fbb59c99c8c98bd276a40dd4262a6d85499e172419167d,2026-08-21,ULTG ANGKE,GIS 150KV TOMANG,TRF#1 150/20kV,OCR 150kV,LOLA DATA & ASESMEN,027,2024-10-08T00:00:00,LINK,,
List Official Setting & Resetting UPT Durikosambi.xlsx,2024,32,28ac8f6f240f887f82fbb59c99c8c98bd276a40dd4262a6d85499e172419167d,2026-08-21,ULTG ANGKE,GIS 150KV TOMANG,TRF#2 150/20kV,OCR 150kV,LOLA DATA & ASESMEN,028,2024-10-08T00:00:00,LINK,,
List Official Setting & Resetting UPT Durikosambi.xlsx,2024,33,28ac8f6f240f887f82fbb59c99c8c98bd276a40dd4262a6d85499e172419167d,2026-08-21,ULTG ANGKE,GIS 150KV ULUJAMI,TRF#1 150/20kV,OCR 150kV,LOLA DATA & ASESMEN,029,2024-10-08T00:00:00,LINK,,
List Official Setting & Resetting UPT Durikosambi.xlsx,2024,34,28ac8f6f240f887f82fbb59c99c8c98bd276a40dd4262a6d85499e172419167d,2026-08-21,ULTG CITRA RAYA,GI 150KV CURUG,TRF#1 150/20kV,OCR 150kV,LOLA DATA & ASESMEN,030,2024-10-09T00:00:00,LINK,,
List Official Setting & Resetting UPT Durikosambi.xlsx,2024,35,28ac8f6f240f887f82fbb59c99c8c98bd276a40dd4262a6d85499e172419167d,2026-08-21,ULTG CITRA RAYA,GI 150KV CURUG,TRF#2 150/20kV,OCR 150kV,LOLA DATA & ASESMEN,031,2024-10-10T00:00:00,LINK,,
List Official Setting & Resetting UPT Durikosambi.xlsx,2024,36,28ac8f6f240f887f82fbb59c99c8c98bd276a40dd4262a6d85499e172419167d,2026-08-21,ULTG CITRA RAYA,GI 150KV CURUG,TRF#3 150/20kV,OCR 150kV,LOLA DATA & ASESMEN,032,2024-10-09T00:00:00,LINK,,
List Official Setting & Resetting UPT Durikosambi.xlsx,2024,37,28ac8f6f240f887f82fbb59c99c8c98bd276a40dd4262a6d85499e172419167d,2026-08-21,ULTG CITRA RAYA,GI 150KV CURUG,TRF#4 150/20kV,OCR 150kV,LOLA DATA & ASESMEN,033,2024-10-10T00:00:00,LINK,,
List Official Setting & Resetting UPT Durikosambi.xlsx,2024,38,28ac8f6f240f887f82fbb59c99c8c98bd276a40dd4262a6d85499e172419167d,2026-08-21,ULTG CITRA RAYA,GI 150KV GAJAH TUNGGAL,TRF#1 150/20kV,OCR 150kV,LOLA DATA & ASESMEN,034,2024-10-10T00:00:00,LINK,,
List Official Setting & Resetting UPT Durikosambi.xlsx,2024,39,28ac8f6f240f887f82fbb59c99c8c98bd276a40dd4262a6d85499e172419167d,2026-08-21,ULTG CITRA RAYA,GI 150KV GAJAH TUNGGAL,TRF#2 150/20kV,OCR 150kV,LOLA DATA & ASESMEN,035,2024-10-10T00:00:00,LINK,,
List Official Setting & Resetting UPT Durikosambi.xlsx,2024,40,28ac8f6f240f887f82fbb59c99c8c98bd276a40dd4262a6d85499e172419167d,2026-08-21,ULTG CITRA RAYA,GI 150KV JATAKE,TRF#1 150/20kV,OCR 150kV,LOLA DATA & ASESMEN,036,2024-10-09T00:00:00,LINK,,
List Official Setting & Resetting UPT Durikosambi.xlsx,2024,41,28ac8f6f240f887f82fbb59c99c8c98bd276a40dd4262a6d85499e172419167d,2026-08-21,ULTG CITRA RAYA,GI 150KV JATAKE,TRF#2 150/20kV,OCR 150kV,LOLA DATA & ASESMEN,037,2024-10-09T00:00:00,LINK,,
List Official Setting & Resetting UPT Durikosambi.xlsx,2024,42,28ac8f6f240f887f82fbb59c99c8c98bd276a40dd4262a6d85499e172419167d,2026-08-21,ULTG CITRA RAYA,GI 150KV JATAKE,TRF#3 150/20kV,OCR 150kV,LOLA DATA & ASESMEN,038,2024-10-07T00:00:00,LINK,,
List Official Setting & Resetting UPT Durikosambi.xlsx,2024,43,28ac8f6f240f887f82fbb59c99c8c98bd276a40dd4262a6d85499e172419167d,2026-08-21,ULTG CITRA RAYA,GI 150KV JATAKE,TRF#4 150/20kV,OCR 150kV,LOLA DATA & ASESMEN,039,2024-10-10T00:00:00,LINK,,
List Official Setting & Resetting UPT Durikosambi.xlsx,2024,44,28ac8f6f240f887f82fbb59c99c8c98bd276a40dd4262a6d85499e172419167d,2026-08-21,ULTG CITRA RAYA,GI 150KV JATAKE,TRF#5 150/20kV,OCR 150kV,LOLA DATA & ASESMEN,040,2024-10-10T00:00:00,LINK,,
List Official Setting & Resetting UPT Durikosambi.xlsx,2024,45,28ac8f6f240f887f82fbb59c99c8c98bd276a40dd4262a6d85499e172419167d,2026-08-21,ULTG CITRA RAYA,GI 150KV MAXIMANGANDO,TRF#1 150/20kV,OCR 150kV,LOLA DATA & ASESMEN,041,2024-10-09T00:00:00,LINK,,
List Official Setting & Resetting UPT Durikosambi.xlsx,2024,46,28ac8f6f240f887f82fbb59c99c8c98bd276a40dd4262a6d85499e172419167d,2026-08-21,ULTG CITRA RAYA,GI 150KV MAXIMANGANDO,TRF#2 150/20kV,OCR 150kV,LOLA DATA & ASESMEN,042,2024-10-09T00:00:00,LINK,,
List Official Setting & Resetting UPT Durikosambi.xlsx,2024,47,28ac8f6f240f887f82fbb59c99c8c98bd276a40dd4262a6d85499e172419167d,2026-08-21,ULTG CITRA RAYA,GI 150KV SINDANG JAYA,TRF#1 150/20kV,OCR 150kV,LOLA DATA & ASESMEN,043,2024-10-10T00:00:00,LINK,,
List Official Setting & Resetting UPT Durikosambi.xlsx,2024,48,28ac8f6f240f887f82fbb59c99c8c98bd276a40dd4262a6d85499e172419167d,2026-08-21,ULTG CITRA RAYA,GI 150KV SINDANG JAYA,TRF#2 150/20kV,OCR 150kV,LOLA DATA & ASESMEN,044,2024-10-10T00:00:00,LINK,,
List Official Setting & Resetting UPT Durikosambi.xlsx,2024,49,28ac8f6f240f887f82fbb59c99c8c98bd276a40dd4262a6d85499e172419167d,2026-08-21,ULTG CITRA RAYA,GI 150KV TANGERANG BARU,TRF#1 150/20kV,OCR 150kV,LOLA DATA & ASESMEN,045,2024-10-10T00:00:00,LINK,,
List Official Setting & Resetting UPT Durikosambi.xlsx,2024,50,28ac8f6f240f887f82fbb59c99c8c98bd276a40dd4262a6d85499e172419167d,2026-08-21,ULTG CITRA RAYA,GI 150KV TANGERANG BARU,TRF#2 150/20kV,OCR 150kV,LOLA DATA & ASESMEN,046,2024-10-10T00:00:00,LINK,,
List Official Setting & Resetting UPT Durikosambi.xlsx,2024,51,28ac8f6f240f887f82fbb59c99c8c98bd276a40dd4262a6d85499e172419167d,2026-08-21,ULTG CITRA RAYA,GI 150KV TANGERANG BARU,TRF#3 150/20kV,OCR 150kV,LOLA DATA & ASESMEN,047,2024-10-10T00:00:00,LINK,,
List Official Setting & Resetting UPT Durikosambi.xlsx,2024,52,28ac8f6f240f887f82fbb59c99c8c98bd276a40dd4262a6d85499e172419167d,2026-08-21,ULTG CITRA RAYA,GI 150KV TANGERANG BARU,TRF#4 150/20kV,OCR 150kV,LOLA DATA & ASESMEN,048,2024-10-09T00:00:00,LINK,,
List Official Setting & Resetting UPT Durikosambi.xlsx,2024,53,28ac8f6f240f887f82fbb59c99c8c98bd276a40dd4262a6d85499e172419167d,2026-08-21,ULTG CITRA RAYA,GI 150KV TELUK NAGA,TRF#1 150/20kV,OCR 150kV,LOLA DATA & ASESMEN,049,2024-10-10T00:00:00,LINK,,
List Official Setting & Resetting UPT Durikosambi.xlsx,2024,54,28ac8f6f240f887f82fbb59c99c8c98bd276a40dd4262a6d85499e172419167d,2026-08-21,ULTG CITRA RAYA,GI 150KV TELUK NAGA,TRF#2 150/20kV,OCR 150kV,LOLA DATA & ASESMEN,050,2024-10-10T00:00:00,LINK,,
List Official Setting & Resetting UPT Durikosambi.xlsx,2024,55,28ac8f6f240f887f82fbb59c99c8c98bd276a40dd4262a6d85499e172419167d,2026-08-21,ULTG CITRA RAYA,GI 150KV TELUK NAGA,TRF#3 150/20kV,OCR 150kV,LOLA DATA & ASESMEN,051,2024-10-10T00:00:00,LINK,,
List Official Setting & Resetting UPT Durikosambi.xlsx,2024,56,28ac8f6f240f887f82fbb59c99c8c98bd276a40dd4262a6d85499e172419167d,2026-08-21,ULTG CITRA RAYA,GI 150KV TELUK NAGA,TRF#4 150/20kV,OCR 150kV,LOLA DATA & ASESMEN,052,2024-10-09T00:00:00,LINK,,
List Official Setting & Resetting UPT Durikosambi.xlsx,2024,57,28ac8f6f240f887f82fbb59c99c8c98bd276a40dd4262a6d85499e172419167d,2026-08-21,ULTG CITRA RAYA,GIS 150KV JATAKE BARU,TRF#1 150/20kV,OCR 150kV,LOLA DATA & ASESMEN,053,2024-10-10T00:00:00,LINK,,
List Official Setting & Resetting UPT Durikosambi.xlsx,2024,58,28ac8f6f240f887f82fbb59c99c8c98bd276a40dd4262a6d85499e172419167d,2026-08-21,ULTG CITRA RAYA,GIS 150KV JATAKE BARU,TRF#2 150/20kV,OCR 150kV,LOLA DATA & ASESMEN,054,2024-10-10T00:00:00,LINK,,
List Official Setting & Resetting UPT Durikosambi.xlsx,2024,59,28ac8f6f240f887f82fbb59c99c8c98bd276a40dd4262a6d85499e172419167d,2026-08-21,ULTG DURIKOSAMBI,GI 150KV CENGKARENG,TRF#1 150/20kV,OCR 150kV,LOLA DATA & ASESMEN,055,2024-10-09T00:00:00,LINK,,
List Official Setting & Resetting UPT Durikosambi.xlsx,2024,60,28ac8f6f240f887f82fbb59c99c8c98bd276a40dd4262a6d85499e172419167d,2026-08-21,ULTG DURIKOSAMBI,GI 150KV CENGKARENG,TRF#2 150/20kV,OCR 150kV,LOLA DATA & ASESMEN,056,2024-10-09T00:00:00,LINK,,
List Official Setting & Resetting UPT Durikosambi.xlsx,2024,61,28ac8f6f240f887f82fbb59c99c8c98bd276a40dd4262a6d85499e172419167d,2026-08-21,ULTG DURIKOSAMBI,GI 150KV CENGKARENG,TRF#3 150/20kV,OCR 150kV,LOLA DATA & ASESMEN,057,2024-10-09T00:00:00,LINK,,
List Official Setting & Resetting UPT Durikosambi.xlsx,2024,62,28ac8f6f240f887f82fbb59c99c8c98bd276a40dd4262a6d85499e172419167d,2026-08-21,ULTG DURIKOSAMBI,GI 150KV CENGKARENG,TRF#4 150/20kV,OCR 150kV,LOLA DATA & ASESMEN,058,2024-10-10T00:00:00,LINK,,
List Official Setting & Resetting UPT Durikosambi.xlsx,2024,63,28ac8f6f240f887f82fbb59c99c8c98bd276a40dd4262a6d85499e172419167d,2026-08-21,ULTG DURIKOSAMBI,GI 150KV CENGKARENG,TRF#5 150/20kV,OCR 150kV,LOLA DATA & ASESMEN,059,2024-10-09T00:00:00,LINK,,
List Official Setting & Resetting UPT Durikosambi.xlsx,2024,64,28ac8f6f240f887f82fbb59c99c8c98bd276a40dd4262a6d85499e172419167d,2026-08-21,ULTG DURIKOSAMBI,GI 150KV CENGKARENG BARU,TRF#1 150/20kV,OCR 150kV,LOLA DATA & ASESMEN,060,2024-10-09T00:00:00,LINK,,
List Official Setting & Resetting UPT Durikosambi.xlsx,2024,65,28ac8f6f240f887f82fbb59c99c8c98bd276a40dd4262a6d85499e172419167d,2026-08-21,ULTG DURIKOSAMBI,GI 150KV CENGKARENG BARU,TRF#2 150/20kV,OCR 150kV,LOLA DATA & ASESMEN,061,2024-10-09T00:00:00,LINK,,
List Official Setting & Resetting UPT Durikosambi.xlsx,2024,66,28ac8f6f240f887f82fbb59c99c8c98bd276a40dd4262a6d85499e172419167d,2026-08-21,ULTG DURIKOSAMBI,GI 150KV CILEDUG,TRF#1 150/20kV,OCR 150kV,LOLA DATA & ASESMEN,062,2024-10-10T00:00:00,LINK,,
List Official Setting & Resetting UPT Durikosambi.xlsx,2024,67,28ac8f6f240f887f82fbb59c99c8c98bd276a40dd4262a6d85499e172419167d,2026-08-21,ULTG DURIKOSAMBI,GI 150KV CILEDUG,TRF#2 150/20kV,OCR 150kV,LOLA DATA & ASESMEN,063,2024-10-10T00:00:00,LINK,,
List Official Setting & Resetting UPT Durikosambi.xlsx,2024,68,28ac8f6f240f887f82fbb59c99c8c98bd276a40dd4262a6d85499e172419167d,2026-08-21,ULTG DURIKOSAMBI,GI 150KV CILEDUG,TRF#3 150/20kV,OCR 150kV,LOLA DATA & ASESMEN,064,2024-10-09T00:00:00,LINK,,
List Official Setting & Resetting UPT Durikosambi.xlsx,2024,69,28ac8f6f240f887f82fbb59c99c8c98bd276a40dd4262a6d85499e172419167d,2026-08-21,ULTG DURIKOSAMBI,GI 150KV CILEDUG,TRF#4 150/20kV,OCR 150kV,LOLA DATA & ASESMEN,065,2024-10-10T00:00:00,LINK,,
List Official Setting & Resetting UPT Durikosambi.xlsx,2024,70,28ac8f6f240f887f82fbb59c99c8c98bd276a40dd4262a6d85499e172419167d,2026-08-21,ULTG DURIKOSAMBI,GI 150KV DURIKOSAMBI,TRF#1 150/20kV,OCR 150kV,LOLA DATA & ASESMEN,066,2024-10-10T00:00:00,LINK,,
List Official Setting & Resetting UPT Durikosambi.xlsx,2024,71,28ac8f6f240f887f82fbb59c99c8c98bd276a40dd4262a6d85499e172419167d,2026-08-21,ULTG DURIKOSAMBI,GI 150KV DURIKOSAMBI,TRF#2 150/20kV,OCR 150kV,LOLA DATA & ASESMEN,067,2024-10-10T00:00:00,LINK,,
List Official Setting & Resetting UPT Durikosambi.xlsx,2024,72,28ac8f6f240f887f82fbb59c99c8c98bd276a40dd4262a6d85499e172419167d,2026-08-21,ULTG DURIKOSAMBI,GI 150KV DURIKOSAMBI,TRF#3 150/20kV,OCR 150kV,LOLA DATA & ASESMEN,068,2024-10-10T00:00:00,LINK,,
List Official Setting & Resetting UPT Durikosambi.xlsx,2024,73,28ac8f6f240f887f82fbb59c99c8c98bd276a40dd4262a6d85499e172419167d,2026-08-21,ULTG DURIKOSAMBI,GI 150KV DURIKOSAMBI,TRF#4 150/20kV,OCR 150kV,LOLA DATA & ASESMEN,069,2024-10-09T00:00:00,LINK,,
List Official Setting & Resetting UPT Durikosambi.xlsx,2024,74,28ac8f6f240f887f82fbb59c99c8c98bd276a40dd4262a6d85499e172419167d,2026-08-21,ULTG DURIKOSAMBI,GI 150KV DURIKOSAMBI,TRF#5 150/20kV,OCR 150kV,LOLA DATA & ASESMEN,070,2024-10-10T00:00:00,LINK,,
List Official Setting & Resetting UPT Durikosambi.xlsx,2024,75,28ac8f6f240f887f82fbb59c99c8c98bd276a40dd4262a6d85499e172419167d,2026-08-21,ULTG DURIKOSAMBI,GI 150KV TANGERANG,TRF#1 150/20kV,OCR 150kV,LOLA DATA & ASESMEN,071,2024-10-09T00:00:00,LINK,,
List Official Setting & Resetting UPT Durikosambi.xlsx,2024,76,28ac8f6f240f887f82fbb59c99c8c98bd276a40dd4262a6d85499e172419167d,2026-08-21,ULTG DURIKOSAMBI,GI 150KV TANGERANG,TRF#2 150/20kV,OCR 150kV,LOLA DATA & ASESMEN,072,2024-10-09T00:00:00,LINK,,
List Official Setting & Resetting UPT Durikosambi.xlsx,2024,77,28ac8f6f240f887f82fbb59c99c8c98bd276a40dd4262a6d85499e172419167d,2026-08-21,ULTG DURIKOSAMBI,GI 150KV TANGERANG,TRF#3 150/20kV,OCR 150kV,LOLA DATA & ASESMEN,073,2024-10-09T00:00:00,LINK,,
List Official Setting & Resetting UPT Durikosambi.xlsx,2024,78,28ac8f6f240f887f82fbb59c99c8c98bd276a40dd4262a6d85499e172419167d,2026-08-21,ULTG DURIKOSAMBI,GI 150KV TANGERANG,TRF#4 150/20kV,OCR 150kV,LOLA DATA & ASESMEN,074,2024-10-09T00:00:00,LINK,,
List Official Setting & Resetting UPT Durikosambi.xlsx,2024,79,28ac8f6f240f887f82fbb59c99c8c98bd276a40dd4262a6d85499e172419167d,2026-08-21,ULTG DURIKOSAMBI,GI 150KV TANGERANG,TRF#5 150/20kV,OCR 150kV,LOLA DATA & ASESMEN,075,2024-10-09T00:00:00,LINK,,
List Official Setting & Resetting UPT Durikosambi.xlsx,2024,80,28ac8f6f240f887f82fbb59c99c8c98bd276a40dd4262a6d85499e172419167d,2026-08-21,ULTG DURIKOSAMBI,GIS 150KV ALAM SUTERA,TRF#1 150/20kV,OCR 150kV,LOLA DATA & ASESMEN,076,2024-10-09T00:00:00,LINK,,
List Official Setting & Resetting UPT Durikosambi.xlsx,2024,81,28ac8f6f240f887f82fbb59c99c8c98bd276a40dd4262a6d85499e172419167d,2026-08-21,ULTG DURIKOSAMBI,GIS 150KV ALAM SUTERA,TRF#2 150/20kV,OCR 150kV,LOLA DATA & ASESMEN,077,2024-10-09T00:00:00,LINK,,
List Official Setting & Resetting UPT Durikosambi.xlsx,2024,82,28ac8f6f240f887f82fbb59c99c8c98bd276a40dd4262a6d85499e172419167d,2026-08-21,ULTG DURIKOSAMBI,GIS 150KV ALAM SUTERA,TRF#3 150/20kV,OCR 150kV,LOLA DATA & ASESMEN,078,2024-10-09T00:00:00,LINK,,
List Official Setting & Resetting UPT Durikosambi.xlsx,2024,83,28ac8f6f240f887f82fbb59c99c8c98bd276a40dd4262a6d85499e172419167d,2026-08-21,ULTG DURIKOSAMBI,GIS 150KV KEMBANGAN,TRF#1 150/20kV,OCR 150kV,LOLA DATA & ASESMEN,079,2024-10-10T00:00:00,LINK,,
List Official Setting & Resetting UPT Durikosambi.xlsx,2024,84,28ac8f6f240f887f82fbb59c99c8c98bd276a40dd4262a6d85499e172419167d,2026-08-21,ULTG DURIKOSAMBI,GIS 150KV KEMBANGAN,TRF#2 150/20kV,OCR 150kV,LOLA DATA & ASESMEN,080,2024-10-10T00:00:00,LINK,,
List Official Setting & Resetting UPT Durikosambi.xlsx,2024,85,28ac8f6f240f887f82fbb59c99c8c98bd276a40dd4262a6d85499e172419167d,2026-08-21,ULTG DURIKOSAMBI,GIS 150KV KEMBANGAN,TRF#3 150/20kV,OCR 150kV,LOLA DATA & ASESMEN,081,2024-10-10T00:00:00,LINK,,
List Official Setting & Resetting UPT Durikosambi.xlsx,2024,86,28ac8f6f240f887f82fbb59c99c8c98bd276a40dd4262a6d85499e172419167d,2026-08-21,ULTG DURIKOSAMBI,GIS 150KV METLAND,TRF#1 150/20kV,OCR 150kV,LOLA DATA & ASESMEN,082,2024-10-10T00:00:00,LINK,,
List Official Setting & Resetting UPT Durikosambi.xlsx,2024,87,28ac8f6f240f887f82fbb59c99c8c98bd276a40dd4262a6d85499e172419167d,2026-08-21,ULTG DURIKOSAMBI,GIS 150KV SUMMARECON GADING SERPONG,TRF#1 150/20kV,OCR 150kV,LOLA DATA & ASESMEN,083,2024-10-10T00:00:00,LINK,,
List Official Setting & Resetting UPT Durikosambi.xlsx,2024,88,28ac8f6f240f887f82fbb59c99c8c98bd276a40dd4262a6d85499e172419167d,2026-08-21,ULTG DURIKOSAMBI,GIS 150KV SUMMARECON GADING SERPONG,TRF#2 150/20kV,OCR 150kV,LOLA DATA & ASESMEN,084,2024-10-10T00:00:00,LINK,,
List Official Setting & Resetting UPT Durikosambi.xlsx,2025,5,28ac8f6f240f887f82fbb59c99c8c98bd276a40dd4262a6d85499e172419167d,2026-08-21,ULTG CITRA RAYA,GIS 150KV JATAKE BARU,TRF#1 150/20kV,OCR 20kV,LOLA DATA & ASESMEN,163.0,2025-09-26T00:00:00,,Pemisahan Fungsi OCR LV dengan SBEF,FINISHED
List Official Setting & Resetting UPT Durikosambi.xlsx,2025,6,28ac8f6f240f887f82fbb59c99c8c98bd276a40dd4262a6d85499e172419167d,2026-08-21,ULTG ANGKE,GIS 150KV NEW SENAYAN,PHT 15OkV ULUJAMI #1,"DISTANCE, OCR",LOLA DATA & ASESMEN,178.0,2025-09-26T00:00:00,,Rescanning,ON PROG
List Official Setting & Resetting UPT Durikosambi.xlsx,2025,7,28ac8f6f240f887f82fbb59c99c8c98bd276a40dd4262a6d85499e172419167d,2026-08-21,ULTG ANGKE,GIS 150KV NEW SENAYAN,PHT 15OkV ULUJAMI #2,"DISTANCE, OCR",LOLA DATA & ASESMEN,179.0,2025-09-26T00:00:00,,Rescanning,ON PROG
List Official Setting & Resetting UPT Durikosambi.xlsx,2025,8,28ac8f6f240f887f82fbb59c99c8c98bd276a40dd4262a6d85499e172419167d,2026-08-21,ULTG CITRA RAYA,GI 150KV JATAKE,PHT 150kV CIKUPA #1,OCR 150kV,LOLA DATA & ASESMEN,181.0,2025-09-28T00:00:00,,Perubahan Tap CT ke 2000/5,ON PROG
List Official Setting & Resetting UPT Durikosambi.xlsx,2025,9,28ac8f6f240f887f82fbb59c99c8c98bd276a40dd4262a6d85499e172419167d,2026-08-21,ULTG DURIKOSAMBI,GI 150KV CILEDUG,PHT 150kV METLAND #1,"DISTANCE, OCR",LOLA DATA & ASESMEN,,,,Perubahan Rasio CT 3200/1 ke 4000/1,
List Official Setting & Resetting UPT Durikosambi.xlsx,2026,5,28ac8f6f240f887f82fbb59c99c8c98bd276a40dd4262a6d85499e172419167d,2026-08-21,ULTG ANGKE,GI 150KV MUARAKARANG BARU,,,,,,,,
