file_id,line_label,gi_r,bay_r,gi_s,ultg,merk_relay,tanggal,pt_ratio,ct_ratio,length_km,relay_type,x_per_km_primary,xline_primary,z1_primary,z1_secondary,z1_time,z2_primary,z2_secondary,z2_time,z3_primary,z3_secondary,z3_time,z1_assessment,z2_assessment,z1_range_impedansi,z2_range_impedansi,z1_error_pct
1y2ldFxBgPbX7fXSg1DEK_zHI8X8eMCvE9OeZNVn67ns,LINE 1,ANGKE,ANCOL,ANGKE - ANCOL,ANGKE,GE ALSTOM - MICOM P545,29 JULI 2025,1500,400,4.600,P545,0.072,0.329,0.248,0.066,0.000,0.380,0.101,0.400,0.895,0.239,1.600,TIDAK SESUAI,TIDAK SESUAI,0.263,0.395 s/d 1.487,5.78%
1y2ldFxBgPbX7fXSg1DEK_zHI8X8eMCvE9OeZNVn67ns,LINE 2,ANCOL,KEMAYORAN,ANCOL - KEMAYORAN,,,,1500,1600,6.380,NR,0.303,1.930,0.389,0.415,0.000,0.584,0.623,0.400,0.884,0.943,1.600,,,,,
1wSjlqr8Qp16Kjp9je_uRCShFxIXJjkVHN2O9FVV8CfI,LINE 1,ANGKE,KARET LAMA,ANGKE - KARET LAMA,ANGKE,GE ALSTOM - MICOM P443,11 AGUSTUS 2025,1500,800,7.900,P443,0.308,2.430,1.943,1.036,0.000,2.914,1.554,0.800,5.299,2.826,1.600,SESUAI,SESUAI,1.944,2.448 s/d 2.916,0.08%
1wSjlqr8Qp16Kjp9je_uRCShFxIXJjkVHN2O9FVV8CfI,LINE 2,KARET LAMA,KARET BARU,KARET LAMA - KARET BARU,,,,1500,1600,0.300,MICOM P545,0.102,0.031,0.000,0.000,0.000,0.000,0.000,0.000,0.000,0.000,0.000,,,,,
1E9QAV9mSSIvIFXDXsOyJept1j37cnV8ptbAGtqzTKgA,LINE 1,ANGKE,KETAPANG #1,ANGKE - KETAPANG #1,ANGKE,GE ALSTOM - MICOM P545,12 AGUSTUS 2025,1500,400,5.500,P545,0.166,0.915,0.720,0.192,0.000,1.084,0.289,0.400,1.643,0.438,1.600,SESUAI,SESUAI,0.732,1.098 s/d 1.248,1.64%
1E9QAV9mSSIvIFXDXsOyJept1j37cnV8ptbAGtqzTKgA,LINE 2,KETAPANG,MANGGA BESAR,KETAPANG - MANGGA BESAR,,,,1500,2000,3.000,P543,0.185,0.555,0.000,0.000,0.000,0.000,0.000,0.000,0.000,0.000,0.000,,,,,
1aAi_BgkxQHjK1es1OJ2kmFyKUo0rJ943A3Cz2t1ijoE,LINE 1 (OHL),ANGKE,MUARAKARANG LAMA (OHL),ANGKE - MUARAKARANG LAMA (OHL),ANGKE,SIEMENS - 7SD61,11 AGUSTUS 2025,1500,400,4.100,7SD61,,0.000,0.000,,,0.000,,,0.000,,,"DIV/0 (DISTANCE DISABLED - relay is Line Differential 7SD61, not distance)",SESUAI,0.000,0.000 s/d 0.000,
1aAi_BgkxQHjK1es1OJ2kmFyKUo0rJ943A3Cz2t1ijoE,LINE 2 (OHL),ANGKE,MUARAKARANG LAMA (OHL) [dup of LINE1 - GI S same],ANGKE - MUARAKARANG LAMA (OHL),,,,1500,400,4.100,7SD61,,0.000,0.000,,,0.000,,,0.000,,,,,,,
17lOA981pkPWADUMV07prdgrAhsIA4_p-co-o4zCGgUU,LINE 1 (UGC),ANGKE,MUARAKARANG LAMA (UGC),ANGKE - MUARAKARANG LAMA (UGC),ANGKE,SIEMENS - 7SL87,15 OKT 2025,1500,2000,3.600,7SL87,0.125,0.450,0.000,,,0.000,,,0.000,,,TIDAK SESUAI (DISTANCE DISABLED - relay is Line Differential 7SL87),TIDAK SESUAI,0.360,0.540 s/d 0.720,100.00%
17lOA981pkPWADUMV07prdgrAhsIA4_p-co-o4zCGgUU,LINE 2 (UGC),ANGKE,MUARAKARANG LAMA (UGC) [dup of LINE1 - GI S same],ANGKE - MUARAKARANG LAMA (UGC),,,,1500,2000,3.600,7SL87,0.125,0.450,0.000,,,0.000,,,0.000,,,,,,,
1MmKKnhiS1_bSxujX-o7ChAvUzKdF0ASLszVhnbFYd5I,LINE 1,TANGERANG BARU,CENGKARENG BARU,TANGERANG BARU - CENGKARENG BARU,CITRA RAYA,AREVA - MICOM P543,10 JULI 2025,1500,3000,6.500,P543,1.269,8.250,6.591,13.182,0.000,9.886,19.772,0.400,12.543,25.086,1.600,SESUAI,SESUAI,6.600,8.329 s/d 9.900,0.14%
1MmKKnhiS1_bSxujX-o7ChAvUzKdF0ASLszVhnbFYd5I,LINE 2,CENGKARENG BARU,CENGKARENG,CENGKARENG BARU - CENGKARENG,,,,1500,4000,0.400,P545,0.330,0.132,0.099,0.264,0.000,2.977,7.939,0.400,5.869,15.651,1.600,,,,,
198WYUPTADUBT8LiTPL55K5-W-N3wMg4rQ79gQ5aWbd0,LINE 1,TELUK NAGA,DADAP,TELUK NAGA - DADAP,CITRA RAYA,AREVA - MICOM P546,12 AGUSTUS 2025,1500,3000,6.130,P546,0.285,1.745,1.385,2.769,0.000,6.005,12.010,0.400,10.740,21.479,1.600,SESUAI,SESUAI,1.396,2.094 s/d 6.227,0.82%
198WYUPTADUBT8LiTPL55K5-W-N3wMg4rQ79gQ5aWbd0,LINE 2,DADAP,LONTAR,DADAP - LONTAR,,,,1500,4000,26.260,P446,0.284,7.470,5.929,15.811,0.000,8.896,23.722,0.400,16.083,42.888,1.600,,,,,
1tQr5q--sYIs6INvcIfPqvjCXM3YjZF_DgqgVNi1YA4U,LINE 1,TELUK NAGA,SEPATAN,TELUK NAGA - SEPATAN,CITRA RAYA,ALSTOM - MICOM P443,01 JULI 2025,1500,1600,9.160,P443,0.302,2.765,2.198,2.345,0.000,3.921,4.182,0.400,6.525,6.960,1.600,SESUAI,TIDAK SESUAI,2.212,3.318 s/d 3.357,0.64%
1tQr5q--sYIs6INvcIfPqvjCXM3YjZF_DgqgVNi1YA4U,LINE 2,SEPATAN,PASAR KEMIS BARU,SEPATAN - PASAR KEMIS BARU,,,,1500,2000,3.500,P546,0.282,0.987,0.863,1.150,0.000,2.138,2.850,0.400,3.675,4.900,1.600,,,,,
14853UNkib_CBux3g0N3JoyTbws77__htzIEiE4Fdi6c,LINE 1,JATAKE BARU,JATAKE,JATAKE BARU-JATAKE,CITRA RAYA,NR,24 JANUARI 2024,1500,2000,3.120,NR,0.281,0.877,0.701,0.934,0.000,1.051,1.401,0.800,3.482,4.642,1.600,SESUAI,SESUAI,0.702,0.927 s/d 1.053,0.20%
14853UNkib_CBux3g0N3JoyTbws77__htzIEiE4Fdi6c,LINE 2,JATAKE,MAXIMANGANDO,JATAKE - MAXIMANGANDO,,,,1500,1000,1.100,PCS-931,0.075,0.083,0.048,0.064,0.000,0.087,0.116,0.400,0.145,0.193,1.600,,,,,
1twSTDrzJ0khbVYOnymVwG01XOR021fVNqxEqSsTHMU4,LINE 1,JATAKE BARU,TANGERANG,JATAKE BARU - TANGERANG,CITRA RAYA,NR PCS-931,27 MEI 2025,1500,2000,6.870,PCS-931,0.281,1.928,1.542,2.056,0.000,4.470,5.960,0.400,7.803,10.404,1.600,SESUAI,TIDAK SESUAI,1.543,2.269 s/d 2.314,0.05%
1twSTDrzJ0khbVYOnymVwG01XOR021fVNqxEqSsTHMU4,LINE 2,TANGERANG,CENGKARENG,TANGERANG - CENGKARENG,,,,1500,400,9.468,SIEMENS,0.060,0.57,3.559,0.949,0.000,5.340,1.424,0.800,11.036,2.943,1.600,,,,,
1VpUt5FtKDRaGE1XgAnjESg_GXpPbmGJ5oKWynUpNi8M,LINE 1,LONTAR,SINDANG JAYA,LONTAR - SINDANG JAYA,CITRA RAYA,ALSTOM - MICOM P443,10 JULI 2025,1500,4000,12.580,P443,0.751,9.446,7.490,19.973,0.000,11.235,29.960,0.400,18.160,48.427,1.600,SESUAI,SESUAI,7.557,10.218 s/d 11.335,0.88%
1VpUt5FtKDRaGE1XgAnjESg_GXpPbmGJ5oKWynUpNi8M,LINE 2,SINDANG JAYA,SUVARNA SUTERA,SINDANG JAYA - SUVARNA SUTERA,,,,1500,4000,4.560,NR,0.282,1.286,1.010,2.694,0.000,2.056,5.482,0.400,3.476,9.268,1.200,,,,,
1QT5J4LpiCd14zivWKzfbr7haaYxPypko5YD95TKdat8,LINE 1,LONTAR,DADAP,LONTAR - DADAP,CITRA RAYA,ALSTOM - P446,12 AGUSTUS 2025,1500,3000,26.260,P446,0.284,7.470,5.931,11.861,0.000,8.898,17.796,0.800,10.978,21.955,1.600,SESUAI,SESUAI,5.976,8.516 s/d 8.964,0.76%
1QT5J4LpiCd14zivWKzfbr7haaYxPypko5YD95TKdat8,LINE 2,DADAP,TELUK NAGA,DADAP - TELUK NAGA,,,,1500,4000,6.130,P546,0.285,1.744,1.385,3.692,0.000,3.033,8.088,0.400,5.170,13.786,1.600,,,,,
1L1Fcl03-F7UeQHcUbbS3kZH7V8agFXBGzK9geklidIk,LINE 1,LONTAR,TANGERANG BARU,LONTAR - TANGERANG BARU,CITRA RAYA,GE MICOM P546,16 JUNI 2025,1500,3000,21.230,P546,0.532,11.294,8.767,17.534,0.000,13.150,26.300,0.400,19.385,38.770,1.600,SESUAI,SESUAI,9.035,13.185 s/d 13.553,2.97%
1L1Fcl03-F7UeQHcUbbS3kZH7V8agFXBGzK9geklidIk,LINE 2,TANGERANG BARU,ITS,TANGERANG BARU - ITS,,,,1500,3000,2.450,P545,1.286,3.151,2.518,5.036,0.000,5.818,11.636,0.400,9.974,19.948,1.600,,,,,
19OF0tf0ckZpdaglHmakyEpJZ8JoateArcknWBuciWO4,LINE 1,CENGKARENG,DURIKOSAMBI,CENGKARENG - DURIKOSAMBI,DURIKOSAMBI,MICOM P545,15 JUNI 2025,1500,400,10.320,P545,0.123,1.272,1.013,0.270,0.000,1.520,0.405,0.800,2.686,0.716,1.600,SESUAI,SESUAI,1.018,1.335 s/d 1.527,0.50%
19OF0tf0ckZpdaglHmakyEpJZ8JoateArcknWBuciWO4,LINE 2,DURIKOSAMBI,KEMBANGAN,DURIKOSAMBI - KEMBANGAN,,,,1500,200,6.840,P545,0.015,0.10,0.600,0.080,0.000,0.983,0.131,0.400,2.213,0.295,1.600,,,,,
1sSFmSN__YlV9ZiMcd_o4nVF4I5mOAROHnspn-T607sI,LINE 1,CENGKARENG,CENGKARENG BARU,CENGKARENG - CENGKARENG BARU,DURIKOSAMBI,MICOM P545,17 JUNI 2025,1500,600,0.398,P545,0.126,0.050,0.040,0.016,0.000,0.315,0.126,0.400,2.328,0.931,1.600,SESUAI,SESUAI,0.040,0.060 s/d 1.347,0.02%
1sSFmSN__YlV9ZiMcd_o4nVF4I5mOAROHnspn-T607sI,LINE 2,CENGKARENG BARU,TANGERANG BARU,CENGKARENG BARU - TANGERANG BARU,,,,1500,4000,6.300,P545,0.343,2.16,1.727,4.605,0.000,3.782,10.085,0.400,6.444,17.184,1.200,,,,,
1V5oXmxuQJDs6hVUhllFsQWSAczR9qDVizcWKUQAxC8c,LINE 1,CENGKARENG,TANGERANG,CENGKARENG - TANGERANG,DURIKOSAMBI,SIEMENS - 7SL87,,1500,400,9.230,7SL87,0.482,4.449,3.559,0.949,0.000,5.340,1.424,0.400,7.654,2.041,1.600,SESUAI,SESUAI,3.559,5.339 s/d 5.607,0.01%
1V5oXmxuQJDs6hVUhllFsQWSAczR9qDVizcWKUQAxC8c,LINE 2,TANGERANG,JATAKE BARU,TANGERANG - JATAKE BARU,,,,1500,400,6.870,,0.281,1.93,1.541,0.411,0.000,2.314,0.617,0.400,3.536,0.943,1.600,,,,,
1hsTTD3sEZ6p_q8ry1hhf-X2Z8FeQL-3qSGjeJTLrHLk,LINE 1,CENGKARENG BARU,CENGKARENG,CENGKARENG BARU - CENGKARENG,DURIKOSAMBI,MICOM P545,27 MEI 2025,1500,4000,0.400,P545,0.330,0.132,0.099,0.264,0.000,2.977,7.939,0.400,5.869,15.651,1.600,TIDAK SESUAI,SESUAI,0.106,0.158 s/d 8.008,6.25%
1hsTTD3sEZ6p_q8ry1hhf-X2Z8FeQL-3qSGjeJTLrHLk,LINE 2,CENGKARENG,DURIKOSAMBI,CENGKARENG - DURIKOSAMBI,,,,1500,400,10.320,P545,1.272,13.13,3.818,1.018,0.000,5.726,1.527,0.800,10.121,2.699,1.600,,,,,
1cmUMRcNL3m3GlfS5kFt9glmj7pj69GZKx2axiu_F6EE,"LINE 1 (DATA RELAY sheet, non-standard format)",,CENGKARENG BARU - KONSUMEN BANDARA,CENGKARENG BARU - KONSUMEN BANDARA,,Siemens - 7SL87 (Line Differential Current Relay); secondary relay Alstom - Micom P14D (OCR/GFR),,150kV/100V (VT),1000/1A,,Siemens 7SL87 / Alstom Micom P14D,,,,,,,,,,,,,,,,
1eMaVMiMWfZXnX6iJ77Rs50hxRK5sauLLyQ6rC5coSxM,LINE 1,CENGKARENG BARU,ITS,CENGKARENG BARU - ITS,DURIKOSAMBI,MICOM P545,16 JUNI 2025,1500,4000,4.132,P545,1.665,6.880,5.499,14.664,0.000,8.248,21.995,0.400,13.269,35.384,1.600,SESUAI,SESUAI,5.504,7.824 s/d 8.256,0.09%
1eMaVMiMWfZXnX6iJ77Rs50hxRK5sauLLyQ6rC5coSxM,LINE 2,ITS,TANGERANG BARU,ITS - TANGERANG BARU,,,,1500,4000,2.450,P545,0.642,1.573,1.260,3.360,0.000,3.900,10.399,0.400,9.128,24.342,1.600,,,,,
1QTr7YxXBmNQSOVuywGPWAgZUjU8epsjsIMhExB47CTs,LINE 1,CENGKARENG BARU,TANGERANG BARU,CENGKARENG BARU - TANGERANG BARU,DURIKOSAMBI,MICOM P545,16 JUNI 2025,1500,4000,6.300,P545,0.343,2.161,1.727,4.605,0.000,3.782,10.085,0.400,6.444,17.184,1.200,SESUAI,SESUAI,1.729,2.593 s/d 4.051,0.11%
1QTr7YxXBmNQSOVuywGPWAgZUjU8epsjsIMhExB47CTs,LINE 2,TANGERANG BARU,ITS,TANGERANG BARU - ITS,,,,1500,3000,2.450,P545,1.286,3.151,2.518,5.036,0.000,5.818,11.636,0.400,9.974,19.948,1.600,,,,,
1qJJgA7C8VJIpm5DuGDSmbuP4x-FK7dB4iTdPZBS6OKA,LINE 1,GI 150KV CILEDUG,PHT 150KV ALAM SUTERA,CILEDUG - ALAM SUTERA,ULTG DURIKOSAMBI,MICOM P443,30 JAN 24,1500,3000,3.250,MICOM,0.062,0.203,0.161,0.321,0.000,0.544,1.088,0.400,0.959,1.918,1.600,SESUAI,SESUAI,0.162,0.244 s/d 0.566,1.13%
1qJJgA7C8VJIpm5DuGDSmbuP4x-FK7dB4iTdPZBS6OKA,LINE 2,ALAM SUTERA,SGS,ALAM SUTERA - SGS,,,,1500,2000,6.800,ABB,0.089,0.61,0.656,0.875,0.000,1.019,1.358,0.400,2.417,3.223,1.600,,,,,
1mwjz98g6_M8PGcdZI2bv4F1TtH-jdZO1HFHx-6g-MK0,LINE 1,GI 150KV CILEDUG,PHT 150KV METLAND,CILEDUG - ALAM SUTERA,ULTG DURIKOSAMBI,MICOM P545,30 JAN 24,1500,3200,5.360,MICOM,0.589,3.157,2.522,5.380,0.000,3.782,8.069,0.400,5.376,11.468,1.600,SESUAI,SESUAI,2.526,3.279 s/d 3.788,0.15%
1mwjz98g6_M8PGcdZI2bv4F1TtH-jdZO1HFHx-6g-MK0,LINE 2,METLAND,KEMBANGAN,METLAND - KEMBANGAN,,,,1500,2000,3.250,SIEMENS,0.062,0.20,0.599,0.799,0.000,1.079,1.439,0.800,2.215,2.953,1.600,,,,,
1e9cWuBvufXKB1JvvQ1r0GrZLb5rseZad8N8zoBv8Yt4,LINE 1,DURIKOSAMBI,CENGKARENG,DURIKOSAMBI - CENGKARENG,DURIKOSAMBI,ALSTOM - MICOM P545,04 DESEMBER 2025,1500,400,10.320,P545,0.123,1.272,1.013,0.270,0.000,1.520,0.405,0.800,2.952,0.787,1.600,SESUAI,SESUAI,1.018,1.302 s/d 1.526,0.45%
1e9cWuBvufXKB1JvvQ1r0GrZLb5rseZad8N8zoBv8Yt4,LINE 2,CENGKARENG,CENGKARENG BARU,CENGKARENG - CENGKARENG BARU,,,,1500,600,0.398,P545,0.126,0.050,0.040,0.016,0.000,0.315,0.126,0.400,2.328,0.931,1.600,,,,,
1si3Vh1XOiSrPiNXH0EITM3w2LTR2yCply6HfPXi8nng,LINE 1,DURIKOSAMBI,LMK,DURIKOSAMBI - LMK,DURIKOSAMBI,ALSTOM - MICOM P443,12 AGUSTUS 2025,1500,160,0.300,P443,0.437,0.131,22.013,2.348,0.000,22.088,2.356,0.400,22.191,2.367,1.200,TIDAK SESUAI,TIDAK SESUAI,0.105,0.157 s/d 0.210,20904.29%
1si3Vh1XOiSrPiNXH0EITM3w2LTR2yCply6HfPXi8nng,LINE 2,DURIKOSAMBI,LMK,DURIKOSAMBI - LMK,,,,1500,160,0.300,P443,0.437,0.131,22.013,2.348,0.000,22.088,2.356,0.400,22.191,2.367,1.200,,,,,
1H22scBQwbDlPqxd5cQ0mO63Rju6cVsMth61-7vI5O4Q,LINE 1,DURIKOSAMBI,GROGOL BARU,DURIKOSAMBI - GROGOL BARU,DURIKOSAMBI,SIEMENS - 7SL87,,1500,320,6.470,7SL87,0.281,1.820,1.453,0.310,0.000,2.180,0.465,0.400,2.855,0.609,1.600,SESUAI,SESUAI,1.456,2.119 s/d 2.184,0.18%
1H22scBQwbDlPqxd5cQ0mO63Rju6cVsMth61-7vI5O4Q,LINE 2,GROGOL BARU,GROGOL,GROGOL BARU - GROGOL,,,,1500,2000,1.780,7SL87,0.281,0.499,0.453,0.604,0.000,0.816,1.088,0.400,1.350,1.800,1.600,,,,,
1Ag7e6g3O11qK8wS8PtiJqUCeEJvXaIVhpJIrm5lb1ME,"LINE 1 (distance disabled - 7SL87 differential relay, DIV/0 errors present)",DURIKOSAMBI,KEBON JERUK,DURIKOSAMBI - KEBON JERUK,DURIKOSAMBI,ALSTOM - MICOM P545,,150/100,1000/5,10.200,P545,,0.624,-,,,,,,,,,#VALUE!,TIDAK SESUAI,0.499,0.624 s/d 0.749,#VALUE!
1Ag7e6g3O11qK8wS8PtiJqUCeEJvXaIVhpJIrm5lb1ME,LINE 2 (blank/unfilled comparison line; DISTANCE DISABLED note present),KEBON JERUK,,KEBON JERUK -,,,,,,,,,0.000,#DIV/0!,,,,,,,,,,,,,
1pw1pjZJtFfcJbSFJ_6Aj76BFipSNIudwLsLA6Xf5r84,"LINE 1 (distance disabled - Line Differential Current Relay, blank/unfilled)",DURIKOSAMBI,KEMBANGAN,DURIKOSAMBI - KEMBANGAN,DURIKOSAMBI,ALSTOM - MICOM P545,11 AGUSTUS 2025,1500,200,6.840,P545,0.084,0.574,-,,,,,,,,,#VALUE!,#REF!,0.459,#REF! s/d #REF!,#VALUE!
1pw1pjZJtFfcJbSFJ_6Aj76BFipSNIudwLsLA6Xf5r84,LINE 2 (distance disabled - Line Differential Current Relay; X/km and Xline show #REF! error),DURIKOSAMBI,KEMBANGAN,DURIKOSAMBI - KEMBANGAN,,,,1500,200,6.840,P545,#REF!,#REF!,0.000,,,0.000,,,0.000,,,,,,,
1L8Ay-PlTjiTe4NPncXtXxZLADncpwLc6v-5-oWfAF10,LINE 1,DURIKOSAMBI,DAAN MOGOT,DURIKOSAMBI - DAAN MOGOT,DURIKOSAMBI,ABB - RED670,11 AGUSTUS 2025,1500,800,2.630,RED670,0.985,2.591,2.070,1.104,0.000,5.710,3.045,0.400,9.920,5.291,1.600,SESUAI,SESUAI,2.073,3.109 s/d 9.480,0.14%
1L8Ay-PlTjiTe4NPncXtXxZLADncpwLc6v-5-oWfAF10,LINE 2,DAAN MOGOT,PANTAI INDAH KAPUK,DAAN MOGOT - PANTAI INDAH KAPUK,,,,1500,3000,4.600,P545,2.496,11.482,9.082,18.164,0.000,16.696,33.392,0.400,27.861,55.722,1.600,,,,,
1-nwNPdfDOMCTNUYWn2bQhQKKgAHu_X_xBccDAOJNwgQ,LINE 1,TANGERANG,CENGKARENG,TANGERANG-CENGKARENG,DURIKOSAMBI,SIEMENS,24 JANUARI 2024,1500,400,9.468,SIEMENS,0.482,4.564,3.600,0.960,0.000,5.400,1.440,0.400,11.123,2.966,1.600,SESUAI,SESUAI,3.651,5.476 s/d 7.302,1.39%
1-nwNPdfDOMCTNUYWn2bQhQKKgAHu_X_xBccDAOJNwgQ,LINE 2 (blank/zero - no zone data filled),CENGKARENG,CENGKARENG BARU,CENGKARENG- CENGKARENG BARU,,,,1500,400,9.468,SIEMENS,0.482,4.56,0.000,,,0.000,,,0.000,,,,,,,
15c3jbuQdsQaonu5RjU5A4m_SV6rKno4E5GgtFOu5db4,LINE 1,GI 150KV TANGERANG,PHT 150KV JATAKE BARU,TANGERANG-JATAKE BARU,DURIKOSAMBI,NR,30 JANUARI 2024,1500,400,6.870,NR,0.281,1.928,1.541,0.411,0.000,2.314,0.617,0.400,3.536,0.943,1.600,SESUAI,SESUAI,1.543,2.314 s/d 2.454,0.10%
15c3jbuQdsQaonu5RjU5A4m_SV6rKno4E5GgtFOu5db4,LINE 2,JATAKE BARU,JATAKE,JATAKE BARU - JATAKE,,,,1500,2000,3.120,NR,0.281,0.88,0.793,1.057,0.000,1.189,1.585,0.800,3.621,4.828,1.200,,,,,
1K2mOtqHak_uQiinUoriiIU_vMiCg1XwzA2RAL-kFP4E,LINE 1,ALAM SUTERA,CILEDUG,ALAM SUTERA - CILEDUG,ULTG DURIKOSAMBI,ALSTOM - MICOM P545,10 JULI 2025,1500,2000,3.250,P543,0.086,0.278,0.216,0.288,0.000,0.735,0.980,0.400,1.297,1.729,1.200,SESUAI,SESUAI,0.222,0.334 s/d 2.172,2.88%
1K2mOtqHak_uQiinUoriiIU_vMiCg1XwzA2RAL-kFP4E,LINE 2,CILEDUG,METLAND,CILEDUG - METLAND,,,,1500,3200,5.360,P545,0.589,3.16,2.522,5.380,0.000,3.782,8.069,0.400,5.376,11.468,1.600,,,,,
1HBiP8a805GjIqh1w7_RkbLHztiTvkHsZXO2h6F77Q6E,LINE 1,ALAM SUTERA,SUMMARECON,ALAM SUTERA - SUMMARECON,ULTG DURIKOSAMBI,ABB - RED670,10 JULI 2025,1500,2000,7.168,RED670,0.152,1.093,0.875,1.167,0.000,1.358,1.811,0.400,3.223,4.297,1.600,SESUAI,SESUAI,0.874,1.312 s/d 1.431,0.07%
1HBiP8a805GjIqh1w7_RkbLHztiTvkHsZXO2h6F77Q6E,LINE 2,SUMMARECON,CURUG,SUMMARECON - CURUG,,,,1500,2000,4.700,P545,0.120,0.564,0.444,0.592,0.000,1.857,2.476,0.400,6.173,8.231,1.600,,,,,
1UaakkQaz9NfIQc7_0C9HlaSK9urz2qn7NUtLVpgiKBw,LINE 1,KEMBANGAN,METLAND,KEMBANGAN - METLAND,DURIKOSAMBI,SIEMENS - 7SL87,,1500,640,2.609,SIEMENS,0.122,0.318,0.256,,0.000,1.117,,0.400,1.999,,1.600,SESUAI,SESUAI,0.255,0.382 s/d 2.907,0.53%
1UaakkQaz9NfIQc7_0C9HlaSK9urz2qn7NUtLVpgiKBw,LINE 2,METLAND,CILEDUG,METLAND - CILEDUG,,,,1500,2000,5.356,P546,1.241,4.315,2.589,3.452,0.000,3.884,5.178,0.400,4.134,5.512,1.600,,,,,
16U2WaOfNgjhl_yTOqtPEyvrI3Gau9I8NmDAlgMzu0as,LINE 1,DADAP,LONTAR,DADAP - LONTAR,ANGKE,MICOM P446,11 JUNI 2025,1500,4000,26.260,P446,0.284,7.470,5.929,15.811,0.000,8.896,23.722,0.400,16.083,42.888,1.600,SESUAI,SESUAI,5.976,8.964 s/d 13.137,0.78%
16U2WaOfNgjhl_yTOqtPEyvrI3Gau9I8NmDAlgMzu0as,LINE 2,LONTAR,SINDANG JAYA,LONTAR - SINDANG JAYA,,,,1500,4000,12.580,P443,0.751,9.45,7.501,20.003,0.000,11.251,30.003,0.400,48.517,129.379,1.600,,,,,
1bN6FjeyXNnoRin3xZ80PRD2yKdCDb6HQy5sWfDVPl0o,LINE 1,DADAP,TELUK NAGA,DADAP - TELUK NAGA,ANGKE,MICOM P546,05 JUNI 2025,1500,4000,6.130,P546,0.285,1.744,1.385,3.692,0.000,3.033,8.088,0.400,5.170,13.786,1.600,SESUAI,SESUAI,1.395,2.093 s/d 3.404,0.77%
1bN6FjeyXNnoRin3xZ80PRD2yKdCDb6HQy5sWfDVPl0o,LINE 2,TELUK NAGA,SEPATAN,TELUK NAGA - SEPATAN,,,,1500,1600,9.160,P443,0.302,2.77,2.060,2.197,0.000,3.676,3.921,0.400,6.117,6.525,1.600,,,,,
1Q97YkhsaeLw4O0Lmruzg8sAJwHCBA0KKrApbP6wK2gk,LINE 1,MUARAKARANG BARU,GIS MUARAKARANG BARU,MUARAKARANG BARU - GIS MUARAKARANG BARU,ANGKE,ALSTOM - MICOM P545,,1500,500,0.260,P545,0.162,0.042,0.000,,,0.000,,,0.000,,,TIDAK SESUAI,TIDAK SESUAI,0.034,0.042 s/d 0.050,100.00%
1xn_WnVETGK2wPHXm0wuACIAbh988dTQQcO4qNSN_AWA,LINE 1 (MUARAKARANG LAMA #1),MUARAKARANG BARU,MUARAKARANG LAMA #1,MUARAKARANG BARU - MUARAKARANG LAMA,ANGKE,AREVA - P521,15 SEP 2025,1500,800,,P521,,0.000,0.000,,,0.000,,,0.000,,,,SESUAI,0.000,0.000 s/d 0.000,
1xn_WnVETGK2wPHXm0wuACIAbh988dTQQcO4qNSN_AWA,LINE 1 (MUARAKARANG LAMA #2),MUARAKARANG BARU,MUARAKARANG LAMA #2,MUARAKARANG BARU - MUARAKARANG LAMA,ANGKE,ALSTOM - P543,15 SEP 2025,1500,800,,P543,,0.000,0.000,,,0.000,,,0.000,,,,SESUAI,0.000,0.000 s/d 0.000,
1Xc7oCNysSgK0KCoAQk0zMpnWp1kiG_utLET_C5YlnVg,LINE 1,MUARAKARANG LAMA,ANGKE (OHL),MUARAKARANG LAMA - ANGKE (OHL),ANGKE,SIEMENS,17 JUNI 2025,,,,,,0.000,,,,,,,,,,TIDAK SESUAI,TIDAK SESUAI,0.000,0.000 s/d 0.000,
1NayK1ecNpIfT8JJl5gfqwlXYjNorbtQ3_zl0ibRESTM,LINE 1,MUARAKARANG LAMA,BUDI KEMULYAAN,MUARAKARANG LAMA - BUDI KEMULYAAN,ANGKE,SIEMENS 7SD61,23 JUNI 2025,1500,240,14.000,,0.019,0.260,0.201,0.201,0.000,0.296,0.296,0.400,0.411,0.411,1.600,SESUAI,TIDAK SESUAI,0.208,0.312 s/d 0.579,3.37%
1NayK1ecNpIfT8JJl5gfqwlXYjNorbtQ3_zl0ibRESTM,LINE 2,BUDI KEMULYAAN,KEBON SIRIH,BUDI KEMULYAAN-KEBON SIRIH,,,,1500,1600,2.800,,0.190,0.532,0.130,0.139,0.000,0.504,0.538,0.400,0.897,0.957,1.200,,,,,
1oaDAF7TdsXGLMOjP8w5AOLpdhlHks9CUhh64BPrW1xg,LINE 1 (MUARAKARANG BARU #1),MUARAKARANG LAMA,MUARAKARANG BARU #1,MUARAKARANG LAMA - MUARAKARANG BARU,ANGKE,AREVA - P521,15 SEP 2025,1500,400,,P521,,0.000,0.000,,,0.000,,,0.000,,,,SESUAI,0.000,0.000 s/d 0.000,
1oaDAF7TdsXGLMOjP8w5AOLpdhlHks9CUhh64BPrW1xg,LINE 1 (MUARAKARANG BARU #2),MUARAKARANG LAMA,MUARAKARANG BARU #2,MUARAKARANG BARU - GIS,ANGKE,ALSTOM - P543,15 SEP 2025,,,,P543,,0.000,,,,,,,,,,,,,,
1D5Llm7Z3GG4Oh839Kzkrx7LuuGOlOU9b6dJUibIXVJs,LINE 1,MUARAKARANG LAMA,ANGKE (UGC),MUARAKARANG LAMA - ANGKE (UGC),ANGKE,SIEMENS 7SL87,17 JUNI 2025,1500,400,3.600,7SL87,0.033,0.120,9.375,2.500,0.000,18.750,5.000,0.300,37.500,10.000,0.600,TIDAK SESUAI,TIDAK SESUAI,0.096,0.120 s/d 0.144,9675.40%
1pFLpcZ-GgV9qvT8xBxABYvIy9vLkq8qV5UuPdrdq6KU,LINE 1,DAAN MOGOT,DURIKOSAMBI,DAAN MOGOT - DURIKOSAMBI,ANGKE,ABB,05 JUNI 2025,1500,3000,2.630,ABB,0.985,2.591,2.073,4.146,0.000,3.110,6.220,0.400,22.212,44.424,1.600,SESUAI,SESUAI,2.073,3.109 s/d 3.682,0.01%
1pFLpcZ-GgV9qvT8xBxABYvIy9vLkq8qV5UuPdrdq6KU,LINE 2,DURIKOSAMBI,GROGOL BARU,DURIKOSAMBI - GROGOL BARU,,,,1500,320,6.470,7SL87,0.281,1.818,1.453,0.310,0.000,2.180,0.465,0.400,2.855,0.609,1.600,,,,,
1l6EKzlWye3eulw2TcIHdZrImrLQkLa-DZBXaobCdyFk,LINE 1,DAAN MOGOT,PANTAI INDAH KAPUK,DAAN MOGOT - PANTAI INDAH KAPUK,ANGKE,MICOM P545,12 JUNI 2025,1500,3000,4.600,P545,2.496,11.482,9.082,18.164,0.000,16.696,33.392,0.400,27.861,55.722,1.600,SESUAI,SESUAI,9.185,13.778 s/d 20.974,1.12%
1l6EKzlWye3eulw2TcIHdZrImrLQkLa-DZBXaobCdyFk,LINE 2,PANTAI INDAH KAPUK,MUARA KARANG BARU,PANTAI INDAH KAPUK - MUARA KARANG BARU,,,,1500,4000,4.930,P545,3.209,15.820,12.504,33.344,0.000,18.756,50.016,0.800,18.855,50.280,1.600,,,,,
10eovQaptUGLeJOmyBLc8rpfUN3ly2WDxNmIVKu2YLsE,LINE 1,GROGOL,GROGOL BARU,GROGOL - GROGOL BARU,ANGKE,SIEMENS 7SL87,27 MEI 2025,1500,1600,1.780,SIEMENS,0.299,0.532,0.449,0.479,0.000,1.611,1.718,0.400,2.853,3.043,1.600,TIDAK SESUAI,SESUAI,0.426,0.639 s/d 1.910,5.47%
10eovQaptUGLeJOmyBLc8rpfUN3ly2WDxNmIVKu2YLsE,LINE 2,GROGOL BARU,DURIKOSAMBI,GROGOL BARU - DURIKOSAMBI,,,,1500,2000,6.140,SIEMENS,0.374,2.30,1.453,1.937,0.000,2.179,2.905,0.800,21.281,28.375,1.600,,,,,
1r_0wCS-JeeABSTu3Pi_EzQanm75fhsaas9cmN6DpdzU,LINE 1,GIS 150KV GROGOL,PHT 150KV TOMANG,GROGOL - TOMANG,ULTG ANGKE,MICOM P545,25 JAN 24,1500,2000,4.110,MICOM,0.151,0.621,0.485,0.647,0.000,0.874,1.165,0.400,1.456,1.941,1.600,SESUAI,SESUAI,0.496,0.745 s/d 0.993,2.31%
1r_0wCS-JeeABSTu3Pi_EzQanm75fhsaas9cmN6DpdzU,LINE 2,GROGOL (comparison),TOMANG,GROGOL - TOMANG,,,,1500,2000,4.110,MICOM,0.151,0.62,0.485,0.647,0.000,0.874,1.165,0.400,1.456,1.941,1.600,,,,,
1pSit2otTRj1vaNrZtbFetN2SjIJfxI2px4I4DCP-xzA,LINE 1,GROGOL BARU,DURIKOSAMBI,GROGOL BARU - DURIKOSAMBI,ANGKE,SIEMENS 7SL87,05 JUNI 2025,1500,2000,6.468,SIEMENS,0.281,1.814,1.453,1.937,0.000,2.179,2.905,0.800,21.281,28.375,1.600,SESUAI,SESUAI,1.451,1.877 s/d 2.177,0.09%
1pSit2otTRj1vaNrZtbFetN2SjIJfxI2px4I4DCP-xzA,LINE 2,DURIKOSAMBI,KEMBANGAN,DURIKOSAMBI - KEMBANGAN,,,,1500,200,6.840,P545,0.015,0.105,0.600,0.080,0.000,0.983,0.131,0.400,2.213,0.295,1.600,,,,,
1DJglFPaKVG8LtQP18w1T5lZ3DcXeR-PRBvxTeA0Xkh4,LINE 1,GROGOL BARU,GROGOL,GROGOL BARU - GROGOL,ANGKE,SIEMENS 7SL87,27 MEI 2025,1500,2000,2.000,SIEMENS,0.374,0.748,0.599,0.799,0.000,1.078,1.437,0.400,1.796,2.395,1.600,SESUAI,SESUAI,0.598,0.898 s/d 2.797,0.10%
1DJglFPaKVG8LtQP18w1T5lZ3DcXeR-PRBvxTeA0Xkh4,LINE 2,GROGOL,TOMANG,GROGOL - TOMANG,,,,1500,2000,4.110,P545,0.831,3.42,0.496,0.661,0.000,0.893,1.191,0.400,1.489,1.985,1.200,,,,,
1z5XkYBrnHTqGQ0_WZ_MyyqNaUAbYcDCZP9yB9c7PX_c,LINE 1,KEBON JERUK,DURIKOSAMBI,KEBON JERUK - DURIKOSAMBI,ANGKE,MICOM P545,11 JUNI 2025,1500,200,10.200,SIEMENS,0.000,0.000,0.000,0.000,0.000,0.000,0.000,0.000,0.000,0.000,0.000,"DISTANCE DISABLED (note on sheet: *DISTANCE DISABLED; BAY is line-differential relay ALSTOM MICOM P545, distance element disabled per Data Relay sheet)",SESUAI,0.000,0.000 s/d 0.063,#DIV/0!
1z5XkYBrnHTqGQ0_WZ_MyyqNaUAbYcDCZP9yB9c7PX_c,LINE 2,DURIKOSAMBI,KEMBANGAN,DURIKOSAMBI - KEMBANGAN,,,,1500,200,6.840,P545,0.015,0.10,0.083,0.011,0.000,0.128,0.017,0.400,0.293,0.039,1.600,,,,,
1LQDIWBo7xgkq3Bxy3G-XGvIshP0FP7cgIbgPzMWIWUA,LINE 1,KEBON JERUK,KARET BARU,KEBON JERUK - KARET BARU,ANGKE,MICOM P545,01 JULI 2025,1500,100,5.400,P545,1.583,8.550,0.000,0.000,0.000,0.000,0.000,0.000,0.000,0.000,0.000,TIDAK SESUAI,TIDAK SESUAI,6.840,8.550 s/d 10.260,100.00%
1LQDIWBo7xgkq3Bxy3G-XGvIshP0FP7cgIbgPzMWIWUA,LINE 2,KARET BARU,KARET LAMA,KARET BARU - KARET LAMA,,,,1500,400,,,,0.00,0.000,,,0.000,,,0.000,,,,,,,
1utRRF8sqmgYDos36r3yOBIPmzilfoRlku4BX6xilNVQ,LINE 1,GIS MUARA KARANG BARU,MUARAKARANG BARU,GIS MUARAKARANG BARU - MUARAKARANG BARU,ANGKE,MICOM P545,12 AGUSTUS 2025,1500,2000,0.260,P545,0.144,0.038,0.000,,,0.000,,,0.000,,,TIDAK SESUAI,TIDAK SESUAI,0.030,0.038 s/d 0.045,100.00%
1utRRF8sqmgYDos36r3yOBIPmzilfoRlku4BX6xilNVQ,LINE 2,MUARAKARANG BARU,MUARAKARANG LAMA,MUARAKARANG BARU - MUARAKARANG LAMA,,,,1500,800,0.700,P521,,0.000,0.000,,,0.000,,,0.000,,,,,,,
18PPLchG8Fxraio7_bUzKal00rHQxZ2tWu_NODSnNhn8,LINE 1,GIS MUARA KARANG BARU,PANTAI INDAH KAPUK,MUARA KARANG BARU - PANTAI INDAH KAPUK,ANGKE,MICOM P545,12 JUNI 2025,1500,4000,4.930,P545,3.209,15.820,12.501,33.336,0.000,22.181,59.149,0.400,36.900,98.400,1.600,SESUAI,TIDAK SESUAI,12.656,18.308 s/d 18.984,1.23%
18PPLchG8Fxraio7_bUzKal00rHQxZ2tWu_NODSnNhn8,LINE 2,PANTAI INDAH KAPUK,DAAN MOGOT,PANTAI INDAH KAPUK - DAAN MOGOT,,,,1500,4000,3.360,P545,1.234,4.146,11.931,31.816,0.000,17.892,47.712,0.400,26.064,69.504,1.600,,,,,
1C-4TaxopscXoF8qD5OK1PRuVWljX3lG0S2YhsQlukbo,LINE 1,NEW SENAYAN,KEMBANGAN,NEW SENAYAN - KEMBANGAN,ANGKE,GE / P546,22 DESEMBER 2025,1500,200,9.870,P546,0.110,1.083,0.000,,,0.000,,,0.000,,,TIDAK SESUAI,TIDAK SESUAI,0.866,1.299 s/d 1.367,100.00%
1C-4TaxopscXoF8qD5OK1PRuVWljX3lG0S2YhsQlukbo,LINE 2,KEMBANGAN,METLAND,KEMBANGAN-METLAND,,,,1500,640,2.690,P546,0.176,0.47,0.000,,,0.000,,,0.000,,,,,,,
1llxzjbT0_J5N2LD08yYWYtrCisUHbbXbR4J8pTksiDI,LINE 1,NEW SENAYAN,SENAYAN,NEW SENAYAN - SENAYAN,ANGKE,ALSTOM - MICOM P545,29 JULI 2025,1500,2000,5.000,P545,0.120,0.600,0.735,0.980,0.000,1.380,1.840,0.400,2.320,3.093,1.600,TIDAK SESUAI,TIDAK SESUAI,0.480,0.720 s/d 0.793,53.13%
1llxzjbT0_J5N2LD08yYWYtrCisUHbbXbR4J8pTksiDI,LINE 2,SENAYAN,DANAYASA,SENAYAN - DANAYASA,,,,1500,500,2.000,MICOM P545,0.161,0.322,0.021,0.028,0.000,0.060,0.080,0.400,0.105,0.140,1.600,,,,,
1hfBRJz74yrGsdoW2pqFkUetEmLlimrUZaATZOmfFB68,LINE 1,NEW SENAYAN,ULUJAMI,NEW SENAYAN - ULUJAMI 1,ANGKE,NR PCS-931,05 JUNI 2025,1500,2000,3.054,PCS931,0.086,0.263,0.210,0.280,0.000,0.379,0.505,0.400,0.631,0.841,1.200,SESUAI,SESUAI,0.210,0.315 s/d 0.398,0.13%
1hfBRJz74yrGsdoW2pqFkUetEmLlimrUZaATZOmfFB68,LINE 2,NEW SENAYAN,ULUJAMI 2,NEW SENAYAN - ULUJAMI 2,,,,1500,2000,3.050,P545,0.074,0.225,0.212,0.283,0.000,0.380,0.507,0.400,0.636,0.848,1.600,,,,,
1SuW0pJvmtnDnd4zy2Wnf_dZolx6WOa8vCwRnerM7dec,LINE 1,GIS 150KV PANTAI INDAH KAPUK,PHT 150KV DAAN MOGOT,PANTAI INDAH KAPUK - DAAN MOGOT,ULTG ANGKE,MICOM P545,25 JAN 24,1500,4000,3.360,MICOM,1.709,5.741,4.474,11.931,0.000,6.804,18.144,0.400,9.774,26.064,1.600,SESUAI,SESUAI,4.592,6.889 s/d 7.295,2.58%
1SuW0pJvmtnDnd4zy2Wnf_dZolx6WOa8vCwRnerM7dec,LINE 2,DAAN MOGOT,DURIKOSAMBI,DAAN MOGOT - DURIKOSAMBI,,,,1500,3000,2.630,ABB,0.985,2.59,2.073,4.146,0.000,3.110,6.220,0.400,22.212,44.424,1.600,,,,,
1GPjknpMV5K-h8nnmRxVQ6sgbCY2dnEfgqKJ7HGN2F34,LINE 1,PANTAI INDAH KAPUK,GIS MUARAKARANG BARU,PIK - GIS MUARAKARANG BARU,ANGKE,ALSTOM - MICOM P545,,1500,4000,4.930,P545,3.209,15.820,12.504,33.344,0.000,18.756,50.016,0.800,18.855,50.280,1.600,SESUAI,SESUAI,12.656,15.843 s/d 18.984,1.20%
1GPjknpMV5K-h8nnmRxVQ6sgbCY2dnEfgqKJ7HGN2F34,LINE 2,GIS MUARAKARANG BARU,MUARAKARANG BARU,GIS MUARAKARANG BARU - MUARAKARANG BARU,,,,1500,2000,0.260,P545,0.144,0.038,0.000,,,0.000,,,0.000,,,,,,,
1t7tKAqOObQgDhuC92b50M51QC3TXs2odrYNpv2H7BT0,LINE 1,GIS 150KV TOMANG,PHT 150KV GROGOL,TOMANG - GROGOL,ULTG ANGKE,MICOM P545,25 JAN 24,1500,2000,4.110,MICOM,0.151,0.621,0.485,0.647,0.000,0.839,1.118,0.400,1.739,2.318,1.200,SESUAI,SESUAI,0.496,0.745 s/d 0.957,2.31%
1t7tKAqOObQgDhuC92b50M51QC3TXs2odrYNpv2H7BT0,LINE 2,GROGOL,GROGOL BARU,GROGOL - GROGOL BARU,,,,1500,1600,2.000,SIEMENS,0.281,0.56,0.454,0.484,0.000,1.627,1.735,0.400,2.879,3.071,1.600,,,,,
170Z7hWAGWx66QsbYbh6HO5MRELxgBPUJEyB4JBU2GTs,LINE 1,ULUJAMI,NEW SENAYAN,ULUJAMI - NEW SENAYAN,ANGKE,NR PCS-931,05 JUNI 2025,1500,2000,3.054,PCS931,0.050,0.153,0.180,0.240,0.000,0.737,0.982,0.400,3.764,5.018,1.600,TIDAK SESUAI,TIDAK SESUAI,0.122,0.184 s/d 0.507,47.06%
170Z7hWAGWx66QsbYbh6HO5MRELxgBPUJEyB4JBU2GTs,LINE 2,NEW SENAYAN,SENAYAN,NEW SENAYAN - SENAYAN,,,,1500,2000,5.000,P545,0.118,0.59,0.704,0.939,0.000,1.377,1.836,0.400,2.319,3.092,1.600,,,,,
1ObTRHV1c0pdkrKfM1pvcvOgBzJLg3yhlj466L15T9ho,LINE 1 (sub-sheet A: ABB RED670),MUARAKARANG 500KV,DURIKOSAMBI 500KV,MUARAKARANG - DURIKOSAMBI,ANGKE,ABB - RED670,15 OKT 2025,5000,4000,11.188,RED670,0.239,2.674,2.139,1.711,0.000,3.209,2.567,0.400,14.682,11.746,1.600,SESUAI,SESUAI,2.139,3.209 s/d 8.411,0.01%
1ObTRHV1c0pdkrKfM1pvcvOgBzJLg3yhlj466L15T9ho,LINE 2 (sub-sheet A: ABB RED670),DURIKOSAMBI,GANDUL,DURIKOSAMBI - GANDUL,,,,5000,4000,34.093,PCS931,0.280,9.561,6.120,4.896,0.000,9.180,7.344,0.400,14.694,11.755,1.600,,,,,
1ObTRHV1c0pdkrKfM1pvcvOgBzJLg3yhlj466L15T9ho,LINE 1 (sub-sheet B: SIEMENS 7SL87),MUARAKARANG 500KV,DURIKOSAMBI 500KV,MUARAKARANG - DURIKOSAMBI,ANGKE,SIEMENS - 7SL87,15 OKT 2025,5000,4000,11.188,7SL87,0.191,2.137,1.711,1.369,0.000,2.567,2.054,0.400,11.746,9.397,1.600,SESUAI,SESUAI,1.710,2.564 s/d 6.618,0.09%
1ObTRHV1c0pdkrKfM1pvcvOgBzJLg3yhlj466L15T9ho,LINE 2 (sub-sheet B: SIEMENS 7SL87),DURIKOSAMBI,GANDUL,DURIKOSAMBI - GANDUL,,,,5000,4000,34.093,GRL200,0.219,7.469,6.143,4.914,0.000,9.215,7.372,0.800,14.750,11.800,1.200,,,,,
15ManiJZ7SNsg5IdHnB5XdwKg1xUhDlHNkTeGFuUUNN4,LINE 1,CURUG,CIKUPA,CURUG - CIKUPA,CITRA RAYA,MICOM P545,19 JUNI 2025,1500,2000,18.900,P545,0.090,1.695,1.340,1.787,0.000,2.341,3.121,0.400,4.436,5.915,1.600,SESUAI,SESUAI,1.356,2.034 s/d 2.693,1.19%
15ManiJZ7SNsg5IdHnB5XdwKg1xUhDlHNkTeGFuUUNN4,LINE 2,CIKUPA,SUVARNA SUTERA,CIKUPA - SUVARNA SUTERA,,,,1500,3200,5.900,7SL87,0.282,1.66,1.331,2.840,0.000,2.255,4.811,0.400,3.729,7.956,1.600,,,,,
1ChRppnBSdS__0hLBtoP_kp2e5gxgFEnJq6tVfqUTTGg,LINE 1 (sub-sheet #1: SUMMARECON GADING SERPONG #1),CURUG,SUMMARECON GADING SERPONG #1,CURUG - SUMMARECON GADING SERPONG,CITRA RAYA,ALSTOM MICOM P545,27 MEI 2025,1500,3200,4.700,P545,0.090,0.423,0.338,0.720,0.000,0.731,1.560,0.400,1.242,2.649,1.600,SESUAI,SESUAI,0.338,0.508 s/d 4.882,0.27%
1ChRppnBSdS__0hLBtoP_kp2e5gxgFEnJq6tVfqUTTGg,LINE 2 (sub-sheet #1),SUMMARECON GADING SERPONG,ALAM SUTERA,SUMMARECON GADING SERPONG - ALAM SUTERA,,,,1500,2000,6.800,ABB,1.093,7.43,0.875,1.167,0.000,1.312,1.749,0.400,8.051,10.735,1.600,,,,,
1ChRppnBSdS__0hLBtoP_kp2e5gxgFEnJq6tVfqUTTGg,LINE 1 (sub-sheet #2: SUMMARECON GADING SERPONG #2),CURUG,SUMMARECON GADING SERPONG #2,CURUG - SUMMARECON GADING SERPONG,CITRA RAYA,ALSTOM MICOM P545,27 MEI 2025,1500,2000,4.700,P545,0.562,2.642,2.088,2.784,0.000,3.131,4.175,0.400,4.100,5.467,1.600,SESUAI,SESUAI,2.114,3.170 s/d 7.101,1.21%
1ChRppnBSdS__0hLBtoP_kp2e5gxgFEnJq6tVfqUTTGg,LINE 2 (sub-sheet #2),SUMMARECON GADING SERPONG,ALAM SUTERA,SUMMARECON GADING SERPONG - ALAM SUTERA,,,,1500,2000,6.800,ABB,1.093,7.43,0.875,1.167,0.000,1.312,1.749,0.400,8.051,10.735,1.600,,,,,
189VyEvCtKkmAKhyJf7kBCJtOrZqlojmYR3jUKcSSx6c,LINE 1,GAJAH TUNGGAL,PASAR KEMIS,GAJAH TUNGGAL - PASAR KEMIS,CITRA RAYA,GE - L90,29 JULI 2025,1500,2000,7.690,L90,0.258,1.632,1.316,1.755,0.000,2.518,3.357,0.400,4.233,5.644,1.600,SESUAI,SESUAI,1.306,1.958 s/d 2.592,0.82%
189VyEvCtKkmAKhyJf7kBCJtOrZqlojmYR3jUKcSSx6c,LINE 2,,,PASAR KEMIS - CIKUPA,,,,1500,1600,5.700,ALSTOM,0.281,1.600,1.034,1.378,0.000,1.892,2.523,0.400,6.954,9.272,1.600,,,,,
1EkoIFE1lReMG0x4HAeestGiqqFxD4i0re0DhGL82Mio,LINE 1,GAJAH TUNGGAL,PASAR KEMIS BARU,GAJAH TUNGGAL - PASAR KEMIS BARU,CITRA RAYA,ALSTOM - MICOM P543,29 JULI 2025,1500,2000,6.600,P543,0.280,1.850,1.466,1.955,0.000,2.307,3.076,0.400,3.773,5.031,1.600,SESUAI,SESUAI,1.480,2.220 s/d 2.440,0.95%
1EkoIFE1lReMG0x4HAeestGiqqFxD4i0re0DhGL82Mio,LINE 2,,,PASAR KEMIS BARU - SEPATAN,,,,1500,2000,3.500,GE L90,0.281,0.98,0.794,1.058,0.100,2.788,3.717,0.400,6.501,8.668,1.600,,,,,
1fTVsetrlPSeLXWz3Zgm5VzBf9-d-NGgnCMqcQyITBW0,LINE 1,ITS,TANGERANG BARU,ITS-TANGERANG BARU,DURIKOSAMBI,MICOM,25 JANUARI 2024,1500,4000,2.450,MICOM,0.642,1.574,1.260,3.360,0.000,3.900,10.399,0.400,9.128,24.342,1.600,SESUAI,SESUAI,1.259,1.889 s/d 4.862,0.08%
1fTVsetrlPSeLXWz3Zgm5VzBf9-d-NGgnCMqcQyITBW0,LINE 2,,,TANGERANG BARU-LONTAR,,,,1500,3000,21.230,MICOM,0.258,5.48,4.514,9.027,0.000,7.071,14.142,0.400,10.766,21.532,1.600,,,,,
1ETVBiTmF86Ikpxuywsmag6vacCFFu-lswkVJnkiSmJA,LINE 1,ITS,CENGKARENG BARU,ITS - CENGKARENG BARU,CITRA RAYA,GE MICOM P545,16 JUNI 2025,1500,4000,4.100,P545,1.678,6.880,5.499,14.664,0.000,8.248,21.995,0.800,11.692,31.179,1.600,SESUAI,SESUAI,5.504,6.959 s/d 8.256,0.09%
1ETVBiTmF86Ikpxuywsmag6vacCFFu-lswkVJnkiSmJA,LINE 2,,,CENGKARENG BARU - CENGKARENG,,,,1500,4000,0.400,P545,0.330,0.132,0.099,0.264,0.000,2.977,7.939,0.400,5.869,15.651,1.600,,,,,
1g2HZojHWh_GPIg8bK48t2QcWJ-TBfM-UQOP_MXmd6S0,LINE 1 (DISTANCE DISABLED - Line Differential Relay),ITS,KONSUMEN,ITS - KONSUMEN,,Siemens - 7SL87,,150kV/100V,300/1A,"0,08",Siemens - 7SL87 (Line Differential Current Relay),N/A,N/A,,,,,,,,,,,,,,
1PscMJFHVgnw5U-HrfqCpmfimaqZgQ8mLbmMw2wLWXX8,LINE 1,JATAKE,CIKUPA,JATAKE - CIKUPA,CITRA RAYA,NR,24 DESEMBER 2025,1500,320,7.200,Alstom,0.281,2.025,1.631,0.348,0.000,2.667,0.569,0.400,7.078,1.510,1.600,SESUAI,SESUAI,1.620,2.430 s/d 2.934,0.71%
1PscMJFHVgnw5U-HrfqCpmfimaqZgQ8mLbmMw2wLWXX8,LINE 2,,,CIKUPA - SUVARNA,,,,1500,3200,5.870,SIEMENS,0.258,1.52,1.342,2.863,0.000,2.263,4.828,0.400,3.749,7.998,1.600,,,,,
1cuwUvcfBw-sxCMQMiUw-wR6ED-fdrO9F1ne3pc0lnkI,LINE 1,JATAKE,JATAKE BARU,JATAKE - JATAKE BARU,CITRA RAYA,NR,24 JANUARI 2024,1500,320,3.120,NR,0.075,0.234,0.187,0.040,0.000,0.429,0.092,0.400,1.094,0.233,1.600,SESUAI,SESUAI,0.187,0.281 s/d 1.307,0.11%
1cuwUvcfBw-sxCMQMiUw-wR6ED-fdrO9F1ne3pc0lnkI,LINE 2,,,JATAKE BARU-TANGERANG,,,,1500,2000,6.370,NR,0.281,1.79,1.533,2.044,0.000,5.427,7.236,0.400,9.601,12.801,1.600,,,,,
1qGi39cl3Q5uqXHNw5o2PtWyNxKV_Ez7Cam22oXUaOr4,LINE 1,JATAKE,MAXIMANGANDO,JATAKE - MAXIMANGANDO,CITRA RAYA,NR PCS-931,20 JANUARI 2026,1500,1000,1.100,PCS-931,0.080,0.088,0.064,0.043,0.000,0.116,0.077,0.400,0.193,0.129,1.200,TIDAK SESUAI,SESUAI,0.070,0.106 s/d 0.141,9.09%
1qGi39cl3Q5uqXHNw5o2PtWyNxKV_Ez7Cam22oXUaOr4,LINE 2,,,JATAKE - MAXIMANGANDO,,,,1500,1000,1.100,PCS-931,0.080,0.088,0.064,0.043,0.000,0.116,0.077,0.400,0.193,0.129,1.200,,,,,
19tKn_qEHN1BNhVr-JewSY5z7JpjqKKkhlWkT0gVXlWo,LINE 1,MAXIMANGANDO,JATAKE,MAXIMANGANDO - JATAKE,CITRA RAYA,NR PCS-931,20 JAN 2026,1500,1000,1.100,PCS-931,0.100,0.110,0.081,0.054,0.000,0.294,0.196,0.400,1.112,0.741,1.200,TIDAK SESUAI,SESUAI,0.088,0.132 s/d 0.636,7.95%
19tKn_qEHN1BNhVr-JewSY5z7JpjqKKkhlWkT0gVXlWo,LINE 2,,,JATAKE - JATAKE BARU,,,,1500,320,3.120,PCS-931,0.281,0.877,0.788,0.168,0.000,2.011,0.429,0.400,5.128,1.094,1.600,,,,,
1hiJXuJrxl0OvdosMZDPvzHLNT9ZBbLp-6W3STqgLaF8,LINE 1,SINDANG JAYA,BALARAJA,SINDANG JAYA - BALARAJA,CITRA RAYA,NR PCS-931,10 JULI 2025,1500,4000,7.100,PCS-931,0.258,1.834,1.468,3.914,0.000,2.626,7.002,0.400,5.947,15.859,1.600,SESUAI,SESUAI,1.468,2.201 s/d 2.949,0.01%
1hiJXuJrxl0OvdosMZDPvzHLNT9ZBbLp-6W3STqgLaF8,LINE 2,,,BALARAJA - NEW BALARAJA,,,,1500,2000,7.200,P443,0.258,1.858,1.545,2.060,0.000,3.450,4.600,0.400,5.895,7.860,1.600,,,,,
1ErV0jbkzE3r9Lwzqug5IE4dJgHOge4q6JJtLt_HHjt0,LINE 1,SINDANG JAYA,LONTAR,SINDANG JAYA - LONTAR,CITRA RAYA,NR PCS-931,10 JULI 2025,1500,4000,12.530,PCS-931,0.251,3.141,2.606,6.950,0.000,6.848,18.260,0.400,10.534,28.090,1.600,SESUAI,SESUAI,2.513,3.769 s/d 9.918,3.72%
1ErV0jbkzE3r9Lwzqug5IE4dJgHOge4q6JJtLt_HHjt0,LINE 2,,,LONTAR - TANGERANG BARU,,,,1500,3000,21.230,P546,0.532,11.294,8.767,17.534,0.000,13.150,26.300,0.400,19.385,38.770,1.600,,,,,
1lBUKaJ4srEprs0En4vURaOQSZnDNLol6us4GP8gL2p4,LINE 1,GI 150KV SINDANG JAYA,PHT 150KV SUVARNA SUTERA,SINDANG JAYA - SUVARNA SUTERA,ULTG DURIKOSAMBI,,30 JAN 24,1500,4000,4.560,NR,0.282,1.286,1.010,2.694,0.000,2.056,5.482,0.400,3.476,9.268,1.200,SESUAI,SESUAI,1.029,1.543 s/d 2.195,1.80%
1lBUKaJ4srEprs0En4vURaOQSZnDNLol6us4GP8gL2p4,LINE 2,,,SUVARNA SUTERA - CIKUPA,,,,1500,4000,5.870,SIEMENS,0.258,1.52,1.342,3.578,0.000,2.376,6.335,0.400,8.768,23.380,1.600,,,,,
10fRiHsxsfAtI_ZQLPJ5DD2rfZCETcvNnOcyvoEFJEIY,LINE 1,TANGERANG BARU,LONTAR,TANGERANG BARU - LONTAR,CITRA RAYA,AREVA - MICOM P546,01 JULI 2025,1500,3000,21.220,P546,0.532,11.280,8.762,17.524,0.000,13.720,27.440,0.400,20.890,41.780,1.600,SESUAI,SESUAI,9.024,13.536 s/d 16.947,2.90%
10fRiHsxsfAtI_ZQLPJ5DD2rfZCETcvNnOcyvoEFJEIY,LINE 2,,,LONTAR - SINDANG JAYA,,,,1500,4000,12.580,P443,0.751,9.45,7.501,20.003,0.000,11.251,30.003,0.400,48.517,129.379,1.600,,,,,
1luzvY5n3Pc85zc_5AAkVFpnlbnJmOoST5y3pB85ItEE,LINE 1,TANGERANG BARU,ITS,TANGERANG BARU - ITS,CITRA RAYA,GE MICOM P545,16 JUNI 2025,1500,3000,2.450,P545,1.286,3.151,2.518,5.036,0.000,5.818,11.636,0.400,9.974,19.948,1.600,SESUAI,SESUAI,2.521,3.781 s/d 7.279,0.10%
1luzvY5n3Pc85zc_5AAkVFpnlbnJmOoST5y3pB85ItEE,LINE 2,,,ITS - CENGKARENG BARU,,,,1500,4000,4.100,P545,1.678,6.880,5.499,14.664,0.000,8.248,21.995,0.800,11.692,31.179,1.600,,,,,
1vKSCzkzSKIO3hmwInCzMkhjACffQVOYXlo95L4rT2VI,LINE 1,KEMBANGAN,DURIKOSAMBI,KEMBANGAN - DURIKOSAMBI,DURIKOSAMBI,ALSTOM - MICOM P545,11 AGUSTUS 2025,1500,200,6.840,P545,,0.574,0.000,,,0.000,,,0.000,,,TIDAK SESUAI,TIDAK SESUAI,0.459,0.574 s/d 0.689,100.00%
1vKSCzkzSKIO3hmwInCzMkhjACffQVOYXlo95L4rT2VI,LINE 2,,,KEMBANGAN - DURIKOSAMBI,,,,1500,200,6.840,P545,,0.000,0.000,,,0.000,,,0.000,,,,,,,
1mW-HcOAxdUb9H_o49sGfaRqJhC5nbbIigvhI8mIPyTk,LINE 1,KEMBANGAN,NEW SENAYAN,KEMBANGAN - NEW SENAYAN,DURIKOSAMBI,AREVA - MICOM P521,,1500,200,9.870,LCD,0.015,0.150,0.900,0.120,0.000,1.350,0.180,0.400,2.475,0.330,1.600,TIDAK SESUAI,TIDAK SESUAI,0.120,0.180 s/d 0.504,650.00%
1mW-HcOAxdUb9H_o49sGfaRqJhC5nbbIigvhI8mIPyTk,LINE 2,,,NEW SENAYAN-SENAYAN,,,,1500,2000,5.000,P545,0.118,0.590,7.080,0.944,0.000,13.770,1.836,0.400,23.190,3.092,1.600,,,,,
1rGqFdHcjgDn-87DRfvPu0KMLqd0viYPHZFUKDOcT_4Q,LINE 1,KEMBANGAN,PETUKANGAN,KEMBANGAN - PETUKANGAN,DURIKOSAMBI,NR - PCS931S,30 DESEMBER 2025,1500,400,9.520,PCS931,0.061,0.585,0.468,0.125,0.000,0.702,0.187,0.400,1.367,0.365,1.600,SESUAI,SESUAI,0.468,0.702 s/d 1.278,0.00%
1rGqFdHcjgDn-87DRfvPu0KMLqd0viYPHZFUKDOcT_4Q,LINE 2,,,PETUKANGAN - BINTARO,,,,1500,320,2.351,P545,0.491,1.15,0.881,0.188,0.000,1.322,0.282,0.400,10.116,2.158,1.600,,,,,
1AgdFYyxANPQzbn_rWbbCYz6EJL49zHh_y2rEp9bplnQ,LINE 1,METLAND,KEMBANGAN,METLAND - KEMBANGAN,DURIKOSAMBI,SIEMENS,05 JUNI 2025,1500,2000,2.610,SIEMENS,0.383,1.000,0.799,1.065,0.000,1.439,1.919,0.800,2.953,3.937,1.600,SESUAI,TIDAK SESUAI,0.800,1.200 s/d 1.356,0.12%
1AgdFYyxANPQzbn_rWbbCYz6EJL49zHh_y2rEp9bplnQ,LINE 2,,,KEMBANGAN - PETUKANGAN,,,,1500,400,9.900,P443,0.060,0.59,0.469,0.125,0.000,0.705,0.188,0.400,3.199,0.853,1.600,,,,,
1FRw841eWNccHEuAbMYlx7TrMqJqxs80QRm6Bw1qybac,LINE 1,GIS 150KV METLAND,PHT 150KV CILEDUG,METLAND - CILEDUG,ULTG DURIKOSAMBI,MICOM P545,30 JAN 24,1500,2000,5.360,MICOM,0.589,3.157,2.522,3.362,0.000,3.782,5.043,0.800,4.027,5.369,1.600,SESUAI,SESUAI,2.526,3.279 s/d 3.788,0.16%
1FRw841eWNccHEuAbMYlx7TrMqJqxs80QRm6Bw1qybac,LINE 2,,,CILEDUG - ALAM SUTERA,,,,1500,3000,3.250,MICOM,0.062,0.20,0.161,0.321,0.000,0.544,1.088,0.400,0.959,1.918,1.600,,,,,
1jRglYVR6VX3Xweu7l9q-TfqBrbdOaCOyQBtJgzTFxjQ,LINE 1,SUMMARECON,ALAM SUTERA,SUMMARECON - ALAM SUTERA,ULTG DURIKOSAMBI,ABB - RED670,10 JULI 2025,1500,2000,6.800,RED670,0.161,1.093,0.875,1.967,0.000,1.312,2.946,0.400,8.051,18.070,1.600,SESUAI,SESUAI,0.874,1.260 s/d 1.312,0.07%
1jRglYVR6VX3Xweu7l9q-TfqBrbdOaCOyQBtJgzTFxjQ,LINE 2,,,ALAM SUTERA - CILEDUG,,,,1500,2000,3.250,P543,0.086,0.28,0.900,1.200,0.000,0.735,0.980,0.400,1.297,1.729,1.200,,,,,
1QkoIMG5VpmmRkfC_q1Vr1YHpRlB-BLfzAt3WQsPEWSs,LINE 1,SUMMARECON,CURUG,SUMMARECON - CURUG,ULTG DURIKOSAMBI,ALSTOM - MICOM P545,10 JULI 2025,1500,2000,4.700,P545,0.120,0.565,0.444,0.592,0.000,1.857,2.476,0.400,6.173,8.231,1.600,SESUAI,TIDAK SESUAI,0.452,0.678 s/d 1.582,1.77%
1QkoIMG5VpmmRkfC_q1Vr1YHpRlB-BLfzAt3WQsPEWSs,LINE 2,,,CURUG - CIKUPA,,,,1500,2000,18.900,P545,0.090,1.69,1.787,2.382,0.000,3.121,4.161,0.400,5.915,7.886,1.600,,,,,
1IeEeidfUufsg2hFIqd3vUjxYGVqDIsnPDA3zkQ9MNV0,LINE 1,DURIKOSAMBI 500KV,GANDUL 500KV,DURIKOSAMBI - GANDUL,DURIKOSAMBI,NR - PCS931,14 OKT 2025,5000,4000,34.093,7SL87,0.280,9.561,7.650,6.120,0.000,11.475,9.180,0.400,18.368,14.694,1.600,SESUAI,SESUAI,7.649,10.561 s/d 11.474,0.01%
1IeEeidfUufsg2hFIqd3vUjxYGVqDIsnPDA3zkQ9MNV0,LINE 2,,,GANDUL - DEPOK,,,,5000,2000,5.920,P443,0.282,1.666,3.350,1.340,0.000,5.033,2.013,0.400,18.250,7.300,1.600,,,,,
1IeEeidfUufsg2hFIqd3vUjxYGVqDIsnPDA3zkQ9MNV0,LINE 1 (variant - TOSHIBA GRL200),DURIKOSAMBI 500KV,GANDUL 500KV,DURIKOSAMBI - GANDUL,DURIKOSAMBI,TOSHIBA - GRL200,14 OKT 2025,5000,4000,34.093,GRL200,0.219,7.469,6.143,4.914,0.000,9.215,7.372,0.800,14.750,11.800,1.200,SESUAI,SESUAI,5.975,8.469 s/d 8.963,2.81%
1IeEeidfUufsg2hFIqd3vUjxYGVqDIsnPDA3zkQ9MNV0,LINE 2 (variant - TOSHIBA GRL200),,,GANDUL - DEPOK,,,,5000,2000,5.920,P443,0.282,1.666,3.350,1.340,0.000,5.033,2.013,0.400,18.250,7.300,1.600,,,,,
14xMP0JFvWjj6KeCRRfUaJD77P7MlwQt1JgTT5bHF6a8,LINE 1,DURIKOSAMBI 500KV,KEMBANGAN 500KV,DURIKOSAMBI - KEMBANGAN,DURIKOSAMBI,TOSHIBA - GRL200,14 OKT 2025,5000,4000,3.900,GRL200,0.238,0.930,0.750,0.600,0.000,5.100,4.080,0.400,9.280,7.424,1.600,SESUAI,SESUAI,0.744,1.116 s/d 13.617,0.81%
14xMP0JFvWjj6KeCRRfUaJD77P7MlwQt1JgTT5bHF6a8,LINE 2,,,KEMBANGAN - GANDUL,,,,5000,2000,30.100,GRL200,0.703,21.145,6.800,2.720,0.000,10.175,4.070,0.400,33.175,13.270,1.600,,,,,
14xMP0JFvWjj6KeCRRfUaJD77P7MlwQt1JgTT5bHF6a8,LINE 1 (variant - SIEMENS 7SL87),DURIKOSAMBI 500KV,KEMBANGAN 500KV,DURIKOSAMBI - KEMBANGAN,DURIKOSAMBI,SIEMENS - 7SL87,14 OKT 2025,5000,4000,3.950,7SL87,0.278,1.097,0.878,0.702,0.000,6.295,5.036,0.400,11.474,9.179,1.600,SESUAI,SESUAI,0.878,1.316 s/d 36.455,0.00%
14xMP0JFvWjj6KeCRRfUaJD77P7MlwQt1JgTT5bHF6a8,LINE 2 (variant - SIEMENS 7SL87),,,KEMBANGAN - GANDUL,,,,5000,2000,30.143,PCS931,1.955,58.930,6.798,2.719,0.000,10.198,4.079,0.400,33.188,13.275,1.600,,,,,
1P7OYKmXYmn75ZCAlLkfKYLkW6aaVTeL1FnCl-uBFc4Y,LINE 1,DURIKOSAMBI 500KV,MUARAKARANG 500KV,DURIKOSAMBI - MUARAKARANG,DURIKOSAMBI,ABB - RED670,14 OKT 2025,5000,4000,11.188,RED670,0.299,3.342,2.674,2.139,0.000,3.386,2.709,0.400,5.345,4.276,1.600,SESUAI,TIDAK SESUAI,2.674,4.011 s/d 4.947,0.01%
1P7OYKmXYmn75ZCAlLkfKYLkW6aaVTeL1FnCl-uBFc4Y,LINE 2,,,DURIKOSAMBI - MUARAKARANG,,,,5000,4000,11.188,RED670,0.239,2.674,2.139,1.711,0.000,2.709,2.167,0.400,4.276,3.421,1.600,,,,,
1P7OYKmXYmn75ZCAlLkfKYLkW6aaVTeL1FnCl-uBFc4Y,LINE 1 (variant - SIEMENS 7SL87),DURIKOSAMBI 500KV,MUARAKARANG 500KV,DURIKOSAMBI - MUARAKARANG,DURIKOSAMBI,SIEMENS - 7SL87,14 OKT 2025,5000,4000,11.188,7SL87,0.239,2.671,2.139,1.711,0.000,3.209,2.567,0.400,4.276,3.421,1.600,SESUAI,SESUAI,2.137,3.205 s/d 3.953,0.09%
1P7OYKmXYmn75ZCAlLkfKYLkW6aaVTeL1FnCl-uBFc4Y,LINE 2 (variant - SIEMENS 7SL87),,,DURIKOSAMBI - MUARAKARANG,,,,5000,4000,11.188,7SL87,0.191,2.137,2.139,1.711,0.000,2.709,2.167,0.400,4.276,3.421,1.600,,,,,
1K_c7GmuObfmcASkw3oks-uQUpoWKPtz-IGeEeHr-maI,LINE 1,DURIKOSAMBI 500KV,GANDUL 500KV,KEMBANGAN - DURIKOSAMBI,DURIKOSAMBI,SIEMENS - 7SL87,24 DESEMBER 2025,5000,4000,3.950,7SL87,0.278,1.097,0.866,0.693,0.000,2.855,2.284,0.400,12.773,10.218,1.600,SESUAI,SESUAI,0.878,1.316 s/d 6.834,1.29%
1K_c7GmuObfmcASkw3oks-uQUpoWKPtz-IGeEeHr-maI,LINE 2,,,DURIKOSAMBI - GANDUL,,,,5000,4000,34.093,PCS931,0.280,9.561,6.120,4.896,0.000,9.180,7.344,0.400,14.694,11.755,1.600,,,,,
1K_c7GmuObfmcASkw3oks-uQUpoWKPtz-IGeEeHr-maI,LINE 1 (variant - TOSHIBA GRL200),DURIKOSAMBI 500KV,GANDUL 500KV,KEMBANGAN - DURIKOSAMBI,DURIKOSAMBI,TOSHIBA - GRL200,24 DESEMBER 2025,5000,4000,3.950,GRL200,0.219,0.866,0.696,0.557,0.000,2.292,1.834,0.400,10.258,8.206,1.600,SESUAI,SESUAI,0.693,1.039 s/d 5.347,0.46%
1K_c7GmuObfmcASkw3oks-uQUpoWKPtz-IGeEeHr-maI,LINE 2 (variant - TOSHIBA GRL200),,,DURIKOSAMBI - GANDUL,,,,5000,4000,34.093,GRL200,0.219,7.469,6.143,4.914,0.000,9.215,7.372,0.800,14.750,11.800,1.200,,,,,
1I0QVrwQMtb5zkpn-yI30KtKyKUB47OacA2Ul0KsQvd8,LINE 1,KEMBANGAN 500KV,BALARAJA 500KV,KEMBANGAN - BALARAJA,DURIKOSAMBI,SIEMENS - 7SL87,14 OKT 2025,5000,4000,40.000,7SL87,0.210,8.400,6.728,5.382,0.000,10.922,8.738,0.400,26.807,21.446,1.600,SESUAI,SESUAI,6.720,10.080 s/d 13.315,0.12%
1I0QVrwQMtb5zkpn-yI30KtKyKUB47OacA2Ul0KsQvd8,LINE 2,,,BALARAJA - LENGKONG,,,,5000,4000,29.500,RED670,0.278,8.192,6.550,5.240,0.000,10.480,8.384,0.400,17.200,13.760,1.600,,,,,
1I0QVrwQMtb5zkpn-yI30KtKyKUB47OacA2Ul0KsQvd8,LINE 1 (variant - TOSHIBA GRL200),KEMBANGAN 500KV,BALARAJA 500KV,KEMBANGAN - BALARAJA,DURIKOSAMBI,TOSHIBA - GRL200,14 OKT 2025,5000,4000,40.000,GRL200,0.210,8.410,6.743,5.394,0.000,11.040,8.832,0.400,27.320,21.856,1.600,SESUAI,SESUAI,6.728,10.092 s/d 13.325,0.22%
1I0QVrwQMtb5zkpn-yI30KtKyKUB47OacA2Ul0KsQvd8,LINE 2 (variant - TOSHIBA GRL200),,,BALARAJA - LENGKONG,,,,5000,4000,29.500,7SL87,0.278,8.192,6.554,5.243,0.000,10.481,8.385,0.400,17.195,13.756,1.600,,,,,
1DMb2Xdjfs2Hnvtaq3DZV6F0uSOGqPrJ4fPXkYoaU6ko,LINE 1,KEMBANGAN 500KV,GANDUL 500KV,KEMBANGAN - GANDUL,DURIKOSAMBI,TOSHIBA - GRL200,15 OKT 2025,5000,2000,30.143,GRL200,0.112,3.386,2.721,1.088,0.000,4.074,1.630,0.400,13.279,5.312,1.600,SESUAI,SESUAI,2.708,4.063 s/d 4.385,0.46%
1DMb2Xdjfs2Hnvtaq3DZV6F0uSOGqPrJ4fPXkYoaU6ko,LINE 2,,,GANDUL - DEPOK,,,,5000,2000,5.920,P443,0.282,1.666,3.350,1.340,0.000,5.033,2.013,0.400,18.250,7.300,1.600,,,,,
1DMb2Xdjfs2Hnvtaq3DZV6F0uSOGqPrJ4fPXkYoaU6ko,LINE 1 (variant - NR PCS-931),KEMBANGAN 500KV,GANDUL 500KV,KEMBANGAN - GANDUL,DURIKOSAMBI,NR - PCS931,15 OKT 2025,5000,4000,30.143,PCS-931,0.112,3.386,2.721,2.177,0.000,4.074,3.259,0.400,13.279,10.623,1.600,SESUAI,SESUAI,2.708,4.063 s/d 4.385,0.46%
1DMb2Xdjfs2Hnvtaq3DZV6F0uSOGqPrJ4fPXkYoaU6ko,LINE 2 (variant - NR PCS-931),,,GANDUL - DEPOK,,,,5000,2000,5.920,P443,0.282,1.666,3.350,1.340,0.000,5.033,2.013,0.400,18.250,7.300,1.600,,,,,
