identity_key,identity_confidence,candidate_count,sheet_slots,source_refs,function_types,metadata_conflict,conflict_detail,review_action
ASSET|GI 150KV CENGKARENG BARU|PHT 150KV BANDARA SOEKARNO HATTA#1|#1|SIEMENS|7SL87|MPU,MEDIUM,2,DIST:DIST | LCD:LCD,DIST!130:DIST | LCD!130:LCD,DIST | LCD,NO,,LINK_EXACT
ASSET|GI 150KV CENGKARENG BARU|PHT 150KV BANDARA SOEKARNO HATTA#2|#2|SIEMENS|7SL87|MPU,MEDIUM,2,DIST:DIST | LCD:LCD,DIST!131:DIST | LCD!131:LCD,DIST | LCD,NO,,LINK_EXACT
ASSET|GI 150KV TELUK NAGA|PHT 150KV SEPATAN#1|#1|GE|MICOM P546|MPU,MEDIUM,2,DIST:DIST | LCD:LCD,DIST!112:DIST | LCD!112:LCD,DIST | LCD,NO,,LINK_EXACT
ASSET|GI 150KV TELUK NAGA|PHT 150KV SEPATAN#2|#2|GE|MICOM P546|MPU,MEDIUM,2,DIST:DIST | LCD:LCD,DIST!113:DIST | LCD!113:LCD,DIST | LCD,NO,,LINK_EXACT
ASSET|GIS 150KV KEMBANGAN|PHT 150KV NEW SENAYAN#1|#1|GE|MICOM P546|MPU,MEDIUM,2,DIST:DIST | LCD:LCD,DIST!163:DIST | LCD!163:LCD,DIST | LCD,NO,,LINK_EXACT
ASSET|GIS 150KV KEMBANGAN|PHT 150KV NEW SENAYAN#2|#2|GE|MICOM P546|MPU,MEDIUM,2,DIST:DIST | LCD:LCD,DIST!164:DIST | LCD!164:LCD,DIST | LCD,NO,,LINK_EXACT
ASSET|GIS 150KV KEMBANGAN|PHT 150KV PETUKANGAN#1|#1|NR|PCS-931|MPU,MEDIUM,2,DIST:DIST | LCD:LCD,DIST!165:DIST | LCD!165:LCD,DIST | LCD,NO,,LINK_EXACT
ASSET|GIS 150KV KEMBANGAN|PHT 150KV PETUKANGAN#2|#2|NR|PCS-931|MPU,MEDIUM,2,DIST:DIST | LCD:LCD,DIST!166:DIST | LCD!166:LCD,DIST | LCD,NO,,LINK_EXACT
SERIAL|1307744,HIGH,2,DIST:DIST | LCD:LCD,DIST!27:DIST | LCD!27:LCD,DIST | LCD,NO,,LINK_EXACT
SERIAL|1307747,HIGH,2,DIST:DIST | LCD:LCD,DIST!33:DIST | LCD!33:LCD,DIST | LCD,NO,,LINK_EXACT
SERIAL|197931U,HIGH,3,AR:AR | DIST:DIST | LCD:LCD,AR!63:AR | DIST!65:DIST | LCD!65:LCD,AR | DIST | LCD,YES,bay=PHT 150KV DAAN MOGOT#1 <> PHT 150KV GIS MUARAKARANG BARU#1,REVIEW
SERIAL|31507153/09/10,HIGH,2,DIST:DIST | LCD:LCD,DIST!34:DIST | LCD!34:LCD,DIST | LCD,NO,,LINK_EXACT
SERIAL|31830599/07/11,HIGH,2,DIST:DIST | LCD:LCD,DIST!89:DIST | LCD!89:LCD,DIST | LCD,NO,,LINK_EXACT
SERIAL|31830604/07/11,HIGH,3,AR:AR | DIST:DIST | LCD:LCD,AR!92:AR | DIST!88:DIST | LCD!88:LCD,AR | DIST | LCD,YES,bay=PHT 150KV CIKUPA#1 <> PHT 150KV MAXIMANGANDO#1,REVIEW
SERIAL|31995324/12/11,HIGH,2,DIST:DIST | LCD:LCD,DIST!28:DIST | LCD!28:LCD,DIST | LCD,NO,,LINK_EXACT
SERIAL|32069227/02/12,HIGH,2,DIST:DIST | LCD:LCD,DIST!136:DIST | LCD!136:LCD,DIST | LCD,NO,,LINK_EXACT
SERIAL|32069228/02/12,HIGH,2,DIST:DIST | LCD:LCD,DIST!84:DIST | LCD!84:LCD,DIST | LCD,NO,,LINK_EXACT
SERIAL|32069229/02/12,HIGH,2,DIST:DIST | LCD:LCD,DIST!155:DIST | LCD!155:LCD,DIST | LCD,NO,,LINK_EXACT
SERIAL|32197930/06/12,HIGH,2,DIST:DIST | LCD:LCD,DIST!26:DIST | LCD!26:LCD,DIST | LCD,NO,,LINK_EXACT
SERIAL|32197932/07/12,HIGH,2,DIST:DIST | LCD:LCD,DIST!39:DIST | LCD!39:LCD,DIST | LCD,NO,,LINK_EXACT
SERIAL|32197933/06/12,HIGH,2,DIST:DIST | LCD:LCD,DIST!66:DIST | LCD!66:LCD,DIST | LCD,NO,,LINK_EXACT
SERIAL|32288899/09/12,HIGH,2,DIST:DIST | LCD:LCD,DIST!63:DIST | LCD!63:LCD,DIST | LCD,NO,,LINK_EXACT
SERIAL|32288900/09/12,HIGH,2,DIST:DIST | LCD:LCD,DIST!64:DIST | LCD!64:LCD,DIST | LCD,NO,,LINK_EXACT
SERIAL|32687102/10/13,HIGH,2,CBF:CBF | SZP:SZP,CBF!13:CBF | SZP!13:SZP,CBF | SZP,NO,,LINK_EXACT
SERIAL|32687103/10/13,HIGH,2,CBF:CBF | SZP:SZP,CBF!27:CBF | SZP!27:SZP,CBF | SZP,NO,,LINK_EXACT
SERIAL|3307171,HIGH,2,CBF:CBF | SZP:SZP,CBF!23:CBF | SZP!23:SZP,CBF | SZP,NO,,LINK_EXACT
SERIAL|3307172,HIGH,2,CBF:CBF | SZP:SZP,CBF!11:CBF | SZP!11:SZP,CBF | SZP,NO,,LINK_EXACT
SERIAL|3307173,HIGH,2,CBF:CBF | SZP:SZP,CBF!22:CBF | SZP!22:SZP,CBF | SZP,NO,,LINK_EXACT
SERIAL|3307174,HIGH,2,CBF:CBF | SZP:SZP,CBF!17:CBF | SZP!17:SZP,CBF | SZP,NO,,LINK_EXACT
SERIAL|3307176,HIGH,2,CBF:CBF | SZP:SZP,CBF!24:CBF | SZP!24:SZP,CBF | SZP,NO,,LINK_EXACT
SERIAL|3307177,HIGH,2,CBF:CBF | SZP:SZP,CBF!25:CBF | SZP!25:SZP,CBF | SZP,NO,,LINK_EXACT
SERIAL|3307179,HIGH,2,CBF:CBF | SZP:SZP,CBF!16:CBF | SZP!16:SZP,CBF | SZP,NO,,LINK_EXACT
SERIAL|3307180,HIGH,2,CBF:CBF | SZP:SZP,CBF!19:CBF | SZP!19:SZP,CBF | SZP,NO,,LINK_EXACT
SERIAL|3307181,HIGH,2,CBF:CBF | SZP:SZP,CBF!14:CBF | SZP!14:SZP,CBF | SZP,NO,,LINK_EXACT
SERIAL|3307182,HIGH,2,CBF:CBF | SZP:SZP,CBF!10:CBF | SZP!10:SZP,CBF | SZP,NO,,LINK_EXACT
SERIAL|33081355/10/14,HIGH,2,DIST:DIST | LCD:LCD,DIST!147:DIST | LCD!147:LCD,DIST | LCD,NO,,LINK_EXACT
SERIAL|33081356/10/14,HIGH,2,DIST:DIST | LCD:LCD,DIST!161:DIST | LCD!161:LCD,DIST | LCD,NO,,LINK_EXACT
SERIAL|33081359/10/14,HIGH,2,DIST:DIST | LCD:LCD,DIST!162:DIST | LCD!162:LCD,DIST | LCD,NO,,LINK_EXACT
SERIAL|33081360/10/14,HIGH,2,DIST:DIST | LCD:LCD,DIST!148:DIST | LCD!148:LCD,DIST | LCD,NO,,LINK_EXACT
SERIAL|33493423/11/15,HIGH,2,DIST:DIST | LCD:LCD,DIST!60:DIST | LCD!60:LCD,DIST | LCD,NO,,LINK_EXACT
SERIAL|33493424/11/15,HIGH,2,DIST:DIST | LCD:LCD,DIST!59:DIST | LCD!59:LCD,DIST | LCD,NO,,LINK_EXACT
SERIAL|3379379/05/09,HIGH,2,DIST:DIST | LCD:LCD,DIST!109:DIST | LCD!109:LCD,DIST | LCD,NO,,LINK_EXACT
SERIAL|3379380/04/09,HIGH,2,DIST:DIST | LCD:LCD,DIST!86:DIST | LCD!86:LCD,DIST | LCD,NO,,LINK_EXACT
SERIAL|3379381/07/10,HIGH,2,DIST:DIST | LCD:LCD,DIST!126:DIST | LCD!126:LCD,DIST | LCD,NO,,LINK_EXACT
SERIAL|3379382/05/09,HIGH,2,DIST:DIST | LCD:LCD,DIST!127:DIST | LCD!127:LCD,DIST | LCD,NO,,LINK_EXACT
SERIAL|33980371/02/17,HIGH,2,DIST:DIST | LCD:LCD,DIST!135:DIST | LCD!135:LCD,DIST | LCD,NO,,LINK_EXACT
SERIAL|33980375/02/17,HIGH,2,DIST:DIST | LCD:LCD,DIST!133:DIST | LCD!133:LCD,DIST | LCD,NO,,LINK_EXACT
SERIAL|33980376/02/17,HIGH,2,DIST:DIST | LCD:LCD,DIST!132:DIST | LCD!132:LCD,DIST | LCD,NO,,LINK_EXACT
SERIAL|33980378/02/17,HIGH,2,DIST:DIST | LCD:LCD,DIST!134:DIST | LCD!134:LCD,DIST | LCD,NO,,LINK_EXACT
SERIAL|34164813/08/17,HIGH,2,DIST:DIST | LCD:LCD,DIST!40:DIST | LCD!40:LCD,DIST | LCD,NO,,LINK_EXACT
SERIAL|34389472/03/18,HIGH,2,DIST:DIST | LCD:LCD,DIST!120:DIST | LCD!120:LCD,DIST | LCD,NO,,LINK_EXACT
SERIAL|34421606/04/18,HIGH,2,DIST:DIST | LCD:LCD,DIST!15:DIST | LCD!15:LCD,DIST | LCD,NO,,LINK_EXACT
SERIAL|34421607/04/18,HIGH,2,DIST:DIST | LCD:LCD,DIST!16:DIST | LCD!16:LCD,DIST | LCD,NO,,LINK_EXACT
SERIAL|34424434/04/18,HIGH,2,DIST:DIST | LCD:LCD,DIST!14:DIST | LCD!14:LCD,DIST | LCD,NO,,LINK_EXACT
SERIAL|34424435/04/18,HIGH,2,DIST:DIST | LCD:LCD,DIST!13:DIST | LCD!13:LCD,DIST | LCD,NO,,LINK_EXACT
SERIAL|34434876/05/18,HIGH,2,DIST:DIST | LCD:LCD,DIST!110:DIST | LCD!110:LCD,DIST | LCD,NO,,LINK_EXACT
SERIAL|34450419/05/18,HIGH,2,DIST:DIST | LCD:LCD,DIST!111:DIST | LCD!111:LCD,DIST | LCD,NO,,LINK_EXACT
SERIAL|34465138/05/18,HIGH,2,DIST:DIST | LCD:LCD,DIST!23:DIST | LCD!23:LCD,DIST | LCD,NO,,LINK_EXACT
SERIAL|34465139/05/18,HIGH,2,DIST:DIST | LCD:LCD,DIST!21:DIST | LCD!21:LCD,DIST | LCD,NO,,LINK_EXACT
SERIAL|34465149/05/18,HIGH,2,DIST:DIST | LCD:LCD,DIST!24:DIST | LCD!24:LCD,DIST | LCD,NO,,LINK_EXACT
SERIAL|34465154/05/18,HIGH,2,DIST:DIST | LCD:LCD,DIST!22:DIST | LCD!22:LCD,DIST | LCD,NO,,LINK_EXACT
SERIAL|34482258/06/18,HIGH,2,DIST:DIST | LCD:LCD,DIST!50:DIST | LCD!50:LCD,DIST | LCD,NO,,LINK_EXACT
SERIAL|34482260/06/18,HIGH,2,DIST:DIST | LCD:LCD,DIST!146:DIST | LCD!146:LCD,DIST | LCD,NO,,LINK_EXACT
SERIAL|34483353/06/18,HIGH,2,DIST:DIST | LCD:LCD,DIST!145:DIST | LCD!145:LCD,DIST | LCD,NO,,LINK_EXACT
SERIAL|34485202/06/18,HIGH,2,DIST:DIST | LCD:LCD,DIST!52:DIST | LCD!52:LCD,DIST | LCD,NO,,LINK_EXACT
SERIAL|34486172/06/18,HIGH,2,DIST:DIST | LCD:LCD,DIST!121:DIST | LCD!121:LCD,DIST | LCD,NO,,LINK_EXACT
SERIAL|34486736/06/18,HIGH,2,DIST:DIST | LCD:LCD,DIST!138:DIST | LCD!138:LCD,DIST | LCD,NO,,LINK_EXACT
SERIAL|34486778/06/18,HIGH,2,DIST:DIST | LCD:LCD,DIST!142:DIST | LCD!142:LCD,DIST | LCD,NO,,LINK_EXACT
SERIAL|34486816/06/18,HIGH,2,DIST:DIST | LCD:LCD,DIST!81:DIST | LCD!81:LCD,DIST | LCD,NO,,LINK_EXACT
SERIAL|34486817,HIGH,2,DIST:DIST | LCD:LCD,DIST!170:DIST | LCD!170:LCD,DIST | LCD,NO,,LINK_EXACT
SERIAL|34486818/06/18,HIGH,2,DIST:DIST | LCD:LCD,DIST!174:DIST | LCD!174:LCD,DIST | LCD,NO,,LINK_EXACT
SERIAL|34486819/06/18,HIGH,2,DIST:DIST | LCD:LCD,DIST!156:DIST | LCD!156:LCD,DIST | LCD,NO,,LINK_EXACT
SERIAL|34486820/06/18,HIGH,2,DIST:DIST | LCD:LCD,DIST!169:DIST | LCD!169:LCD,DIST | LCD,NO,,LINK_EXACT
SERIAL|34486822/06/18,HIGH,2,DIST:DIST | LCD:LCD,DIST!173:DIST | LCD!173:LCD,DIST | LCD,NO,,LINK_EXACT
SERIAL|34486826/06/18,HIGH,2,DIST:DIST | LCD:LCD,DIST!80:DIST | LCD!80:LCD,DIST | LCD,NO,,LINK_EXACT
SERIAL|34665002/12/18,HIGH,2,DIST:DIST | LCD:LCD,DIST!49:DIST | LCD!49:LCD,DIST | LCD,NO,,LINK_EXACT
SERIAL|34665003/12/18,HIGH,2,DIST:DIST | LCD:LCD,DIST!137:DIST | LCD!137:LCD,DIST | LCD,NO,,LINK_EXACT
SERIAL|34721255/02/19,HIGH,2,DIST:DIST | LCD:LCD,DIST!82:DIST | LCD!82:LCD,DIST | LCD,NO,,LINK_EXACT
SERIAL|34721257/02/19,HIGH,2,DIST:DIST | LCD:LCD,DIST!139:DIST | LCD!139:LCD,DIST | LCD,NO,,LINK_EXACT
SERIAL|34721258/02/19,HIGH,2,DIST:DIST | LCD:LCD,DIST!79:DIST | LCD!79:LCD,DIST | LCD,NO,,LINK_EXACT
SERIAL|34724835/02/19,HIGH,2,DIST:DIST | LCD:LCD,DIST!56:DIST | LCD!56:LCD,DIST | LCD,NO,,LINK_EXACT
SERIAL|34724836/02/19,HIGH,3,DIST:DIST | LCD:LCD | OCR_PHT:OCR,DIST!54:DIST | LCD!54:LCD | OCR_PHT!56:OCR,DIST | LCD | OCR_GFR,YES,bay=PHT 150KV MUARAKARANG BARU#2 <> PHT 150KV PANTAI INDAH KAPUK#2; model=MICOM P142 <> MICOM P545,REVIEW
SERIAL|34724837/02/19,HIGH,2,DIST:DIST | LCD:LCD,DIST!55:DIST | LCD!55:LCD,DIST | LCD,NO,,LINK_EXACT
SERIAL|34724838/02/19,HIGH,2,DIST:DIST | LCD:LCD,DIST!53:DIST | LCD!53:LCD,DIST | LCD,NO,,LINK_EXACT
SERIAL|34733776/03/19,HIGH,2,DIST:DIST | LCD:LCD,DIST!62:DIST | LCD!62:LCD,DIST | LCD,NO,,LINK_EXACT
SERIAL|34733777/03/19,HIGH,2,DIST:DIST | LCD:LCD,DIST!70:DIST | LCD!70:LCD,DIST | LCD,NO,,LINK_EXACT
SERIAL|34923699/11/19,HIGH,2,DIST:DIST | LCD:LCD,DIST!25:DIST | LCD!25:LCD,DIST | LCD,NO,,LINK_EXACT
SERIAL|34923727/11/19,HIGH,2,DIST:DIST | LCD:LCD,DIST!51:DIST | LCD!51:LCD,DIST | LCD,NO,,LINK_EXACT
SERIAL|35298236/03/21,HIGH,2,DIST:DIST | LCD:LCD,DIST!108:DIST | LCD!108:LCD,DIST | LCD,NO,,LINK_EXACT
SERIAL|35301414/03/12,HIGH,2,DIST:DIST | LCD:LCD,DIST!85:DIST | LCD!85:LCD,DIST | LCD,NO,,LINK_EXACT
SERIAL|36039272/03/22,HIGH,2,DIST:DIST | LCD:LCD,DIST!12:DIST | LCD!12:LCD,DIST | LCD,NO,,LINK_EXACT
SERIAL|36039274/03/22,HIGH,2,DIST:DIST | LCD:LCD,DIST!11:DIST | LCD!11:LCD,DIST | LCD,NO,,LINK_EXACT
SERIAL|36039278/03/22,HIGH,2,DIST:DIST | LCD:LCD,DIST!124:DIST | LCD!124:LCD,DIST | LCD,NO,,LINK_EXACT
SERIAL|36039279/03/22,HIGH,2,DIST:DIST | LCD:LCD,DIST!140:DIST | LCD!140:LCD,DIST | LCD,NO,,LINK_EXACT
SERIAL|36039282/03/22,HIGH,2,DIST:DIST | LCD:LCD,DIST!141:DIST | LCD!141:LCD,DIST | LCD,NO,,LINK_EXACT
SERIAL|36039283/03/22,HIGH,2,DIST:DIST | LCD:LCD,DIST!125:DIST | LCD!125:LCD,DIST | LCD,NO,,LINK_EXACT
SERIAL|36265524/12/22,HIGH,2,DIST:DIST | LCD:LCD,DIST!107:DIST | LCD!107:LCD,DIST | LCD,NO,,LINK_EXACT
SERIAL|36265525/12/22,HIGH,2,DIST:DIST | LCD:LCD,DIST!123:DIST | LCD!123:LCD,DIST | LCD,NO,,LINK_EXACT
SERIAL|36265528/12/22,HIGH,2,DIST:DIST | LCD:LCD,DIST!106:DIST | LCD!106:LCD,DIST | LCD,NO,,LINK_EXACT
SERIAL|36265529/12/22,HIGH,2,DIST:DIST | LCD:LCD,DIST!122:DIST | LCD!122:LCD,DIST | LCD,NO,,LINK_EXACT
SERIAL|37055880/10/18,HIGH,2,DIST:DIST | LCD:LCD,DIST!68:DIST | LCD!68:LCD,DIST | LCD,NO,,LINK_EXACT
SERIAL|37123537/07/25,HIGH,2,DIST:DIST | LCD:LCD,DIST!31:DIST | LCD!31:LCD,DIST | LCD,NO,,LINK_EXACT
SERIAL|37132771/07/25,HIGH,2,DIST:DIST | LCD:LCD,DIST!57:DIST | LCD!57:LCD,DIST | LCD,NO,,LINK_EXACT
SERIAL|37132773/07/25,HIGH,2,DIST:DIST | LCD:LCD,DIST!58:DIST | LCD!58:LCD,DIST | LCD,NO,,LINK_EXACT
SERIAL|37362776/03/26,HIGH,2,DIST:DIST | LCD:LCD,DIST!32:DIST | LCD!32:LCD,DIST | LCD,NO,,LINK_EXACT
SERIAL|39615255/07/17,HIGH,2,DIST:DIST | LCD:LCD,DIST!118:DIST | LCD!118:LCD,DIST | LCD,NO,,LINK_EXACT
SERIAL|39619256/07/17,HIGH,2,DIST:DIST | LCD:LCD,DIST!119:DIST | LCD!119:LCD,DIST | LCD,NO,,LINK_EXACT
SERIAL|39652554/04/18,HIGH,2,DIST:DIST | LCD:LCD,DIST!67:DIST | LCD!67:LCD,DIST | LCD,NO,,LINK_EXACT
SERIAL|753791F,HIGH,2,DIST:DIST | LCD:LCD,DIST!44:DIST | LCD!44:LCD,DIST | LCD,NO,,LINK_EXACT
SERIAL|753937F,HIGH,2,DIST:DIST | LCD:LCD,DIST!43:DIST | LCD!43:LCD,DIST | LCD,NO,,LINK_EXACT
SERIAL|AA2C17001630,HIGH,2,DIST:DIST | LCD:LCD,DIST!83:DIST | LCD!83:LCD,DIST | LCD,NO,,LINK_EXACT
SERIAL|BF0807106717,HIGH,2,DIST:DIST | LCD:LCD,DIST!29:DIST | LCD!29:LCD,DIST | LCD,NO,,LINK_EXACT
SERIAL|BF0807106718,HIGH,2,DIST:DIST | LCD:LCD,DIST!18:DIST | LCD!18:LCD,DIST | LCD,NO,,LINK_EXACT
SERIAL|BF0807106719,HIGH,2,DIST:DIST | LCD:LCD,DIST!17:DIST | LCD!17:LCD,DIST | LCD,NO,,LINK_EXACT
SERIAL|BF0807106723,HIGH,2,DIST:DIST | LCD:LCD,DIST!30:DIST | LCD!30:LCD,DIST | LCD,NO,,LINK_EXACT
SERIAL|BF1201064272,HIGH,2,CBF:CBF | SZP:SZP,CBF!12:CBF | SZP!12:SZP,CBF | SZP,NO,,LINK_EXACT
SERIAL|BF1201064277,HIGH,2,CBF:CBF | SZP:SZP,CBF!26:CBF | SZP!26:SZP,CBF | SZP,NO,,LINK_EXACT
SERIAL|BF1209066513,HIGH,2,KAPASITOR:OCR_GFR | KAPASITOR:UVR_OVR,KAPASITOR!12:OCR_GFR | KAPASITOR!12:UVR_OVR,OCR_GFR | UVR_OVR,NO,,LINK_EXACT
SERIAL|BM1712005923,HIGH,2,DIST:DIST | LCD:LCD,DIST!19:DIST | LCD!19:LCD,DIST | LCD,NO,,LINK_EXACT
SERIAL|BM1712005927,HIGH,2,DIST:DIST | LCD:LCD,DIST!20:DIST | LCD!20:LCD,DIST | LCD,NO,,LINK_EXACT
SERIAL|BM1712005931,HIGH,2,DIST:DIST | LCD:LCD,DIST!36:DIST | LCD!36:LCD,DIST | LCD,NO,,LINK_EXACT
SERIAL|BM1712005935,HIGH,2,DIST:DIST | LCD:LCD,DIST!35:DIST | LCD!35:LCD,DIST | LCD,NO,,LINK_EXACT
SERIAL|BM1801000459,HIGH,2,DIST:DIST | LCD:LCD,DIST!168:DIST | LCD!168:LCD,DIST | LCD,NO,,LINK_EXACT
SERIAL|BM1801000462,HIGH,2,DIST:DIST | LCD:LCD,DIST!160:DIST | LCD!160:LCD,DIST | LCD,NO,,LINK_EXACT
SERIAL|BM1801010448,HIGH,2,DIST:DIST | LCD:LCD,DIST!189:DIST | LCD!189:LCD,DIST | LCD,NO,,LINK_EXACT
SERIAL|BM1801010453,HIGH,2,DIST:DIST | LCD:LCD,DIST!190:DIST | LCD!190:LCD,DIST | LCD,NO,,LINK_EXACT
SERIAL|BM1801010762,HIGH,2,DIST:DIST | LCD:LCD,DIST!186:DIST | LCD!186:LCD,DIST | LCD,NO,,LINK_EXACT
SERIAL|BM1801010766,HIGH,2,DIST:DIST | LCD:LCD,DIST!180:DIST | LCD!180:LCD,DIST | LCD,NO,,LINK_EXACT
SERIAL|BM1801010778,HIGH,2,DIST:DIST | LCD:LCD,DIST!185:DIST | LCD!185:LCD,DIST | LCD,NO,,LINK_EXACT
SERIAL|BM1802009731,HIGH,2,DIST:DIST | LCD:LCD,DIST!159:DIST | LCD!159:LCD,DIST | LCD,NO,,LINK_EXACT
SERIAL|BM1802009734,HIGH,2,DIST:DIST | LCD:LCD,DIST!167:DIST | LCD!167:LCD,DIST | LCD,NO,,LINK_EXACT
SERIAL|BM1804005475,HIGH,2,DIST:DIST | LCD:LCD,DIST!46:DIST | LCD!46:LCD,DIST | LCD,NO,,LINK_EXACT
SERIAL|BM1804005478,HIGH,2,DIST:DIST | LCD:LCD,DIST!48:DIST | LCD!48:LCD,DIST | LCD,NO,,LINK_EXACT
SERIAL|BM1804005481,HIGH,2,DIST:DIST | LCD:LCD,DIST!47:DIST | LCD!47:LCD,DIST | LCD,NO,,LINK_EXACT
SERIAL|BM1804005484,HIGH,2,DIST:DIST | LCD:LCD,DIST!45:DIST | LCD!45:LCD,DIST | LCD,NO,,LINK_EXACT
SERIAL|BM1809009341,HIGH,2,DIST:DIST | LCD:LCD,DIST!41:DIST | LCD!41:LCD,DIST | LCD,NO,,LINK_EXACT
SERIAL|BM1809009344,HIGH,2,DIST:DIST | LCD:LCD,DIST!143:DIST | LCD!143:LCD,DIST | LCD,NO,,LINK_EXACT
SERIAL|BM1909000269,HIGH,2,DIST:DIST | LCD:LCD,DIST!42:DIST | LCD!42:LCD,DIST | LCD,NO,,LINK_EXACT
SERIAL|BM1909000272,HIGH,2,DIST:DIST | LCD:LCD,DIST!144:DIST | LCD!144:LCD,DIST | LCD,NO,,LINK_EXACT
SERIAL|BM1911005987,HIGH,2,DIST:DIST | LCD:LCD,DIST!152:DIST | LCD!152:LCD,DIST | LCD,NO,,LINK_EXACT
SERIAL|BM1911005990,HIGH,2,DIST:DIST | LCD:LCD,DIST!129:DIST | LCD!129:LCD,DIST | LCD,NO,,LINK_EXACT
SERIAL|BM1911005993,HIGH,2,DIST:DIST | LCD:LCD,DIST!128:DIST | LCD!128:LCD,DIST | LCD,NO,,LINK_EXACT
SERIAL|BM1911005996,HIGH,2,DIST:DIST | LCD:LCD,DIST!151:DIST | LCD!151:LCD,DIST | LCD,NO,,LINK_EXACT
SERIAL|BM2102005251,HIGH,2,DIST:DIST | LCD:LCD,DIST!87:DIST | LCD!87:LCD,DIST | LCD,NO,,LINK_EXACT
SERIAL|BM2110006364,HIGH,2,DIST:DIST | LCD:LCD,DIST!77:DIST | LCD!77:LCD,DIST | LCD,NO,,LINK_EXACT
SERIAL|BM2110006369,HIGH,2,DIST:DIST | LCD:LCD,DIST!78:DIST | LCD!78:LCD,DIST | LCD,NO,,LINK_EXACT
SERIAL|BM2110006379,HIGH,2,DIST:DIST | LCD:LCD,DIST!74:DIST | LCD!74:LCD,DIST | LCD,NO,,LINK_EXACT
SERIAL|BM2110007773,HIGH,2,DIST:DIST | LCD:LCD,DIST!182:DIST | LCD!182:LCD,DIST | LCD,NO,,LINK_EXACT
SERIAL|BM2110007778,HIGH,2,DIST:DIST | LCD:LCD,DIST!181:DIST | LCD!181:LCD,DIST | LCD,NO,,LINK_EXACT
SERIAL|BM2110007783,HIGH,2,DIST:DIST | LCD:LCD,DIST!73:DIST | LCD!73:LCD,DIST | LCD,NO,,LINK_EXACT
SERIAL|NRJB2006301870170,HIGH,2,DIST:DIST | LCD:LCD,DIST!102:DIST | LCD!102:LCD,DIST | LCD,NO,,LINK_EXACT
SERIAL|NRJB2015511480260,HIGH,2,DIST:DIST | LCD:LCD,DIST!61:DIST | LCD!61:LCD,DIST | LCD,NO,,LINK_EXACT
SERIAL|NRJB2015511680190[A74B17],HIGH,2,DIST:DIST | LCD:LCD,DIST!103:DIST | LCD!103:LCD,DIST | LCD,NO,,LINK_EXACT
SERIAL|NRJB20155116B0230[CE4B8B],HIGH,2,DIST:DIST | LCD:LCD,DIST!69:DIST | LCD!69:LCD,DIST | LCD,NO,,LINK_EXACT
SERIAL|NRJB20155116B0340[FE4878],HIGH,2,DIST:DIST | LCD:LCD,DIST!193:DIST | LCD!193:LCD,DIST | LCD,NO,,LINK_EXACT
SERIAL|NRJB20155116B0350,HIGH,2,DIST:DIST | LCD:LCD,DIST!179:DIST | LCD!179:LCD,DIST | LCD,NO,,LINK_EXACT
SERIAL|NRJB2015511830010,HIGH,2,DIST:DIST | LCD:LCD,DIST!92:DIST | LCD!92:LCD,DIST | LCD,NO,,LINK_EXACT
SERIAL|NRJB2015511830020,HIGH,2,DIST:DIST | LCD:LCD,DIST!94:DIST | LCD!94:LCD,DIST | LCD,NO,,LINK_EXACT
SERIAL|NRJB2015511830030,HIGH,2,DIST:DIST | LCD:LCD,DIST!95:DIST | LCD!95:LCD,DIST | LCD,NO,,LINK_EXACT
SERIAL|NRJB2015511830040,HIGH,2,DIST:DIST | LCD:LCD,DIST!93:DIST | LCD!93:LCD,DIST | LCD,NO,,LINK_EXACT
SERIAL|NRJB2015511830070,HIGH,2,DIST:DIST | LCD:LCD,DIST!96:DIST | LCD!96:LCD,DIST | LCD,NO,,LINK_EXACT
SERIAL|NRJB2015511830080,HIGH,2,DIST:DIST | LCD:LCD,DIST!98:DIST | LCD!98:LCD,DIST | LCD,NO,,LINK_EXACT
SERIAL|NRJB2015511830090,HIGH,2,DIST:DIST | LCD:LCD,DIST!99:DIST | LCD!99:LCD,DIST | LCD,NO,,LINK_EXACT
SERIAL|NRJB2015511830100,HIGH,2,DIST:DIST | LCD:LCD,DIST!97:DIST | LCD!97:LCD,DIST | LCD,NO,,LINK_EXACT
SERIAL|NRJB20155119B0050,HIGH,2,DIST:DIST | LCD:LCD,DIST!115:DIST | LCD!115:LCD,DIST | LCD,NO,,LINK_EXACT
SERIAL|NRJB20155119B0340,HIGH,2,DIST:DIST | LCD:LCD,DIST!114:DIST | LCD!114:LCD,DIST | LCD,NO,,LINK_EXACT
SERIAL|NRJB20155119B0360,HIGH,2,DIST:DIST | LCD:LCD,DIST!117:DIST | LCD!117:LCD,DIST | LCD,NO,,LINK_EXACT
SERIAL|NRJB20155119B0370,HIGH,2,DIST:DIST | LCD:LCD,DIST!116:DIST | LCD!116:LCD,DIST | LCD,NO,,LINK_EXACT
SERIAL|NRJB20155119B0540,HIGH,2,DIST:DIST | LCD:LCD,DIST!90:DIST | LCD!90:LCD,DIST | LCD,NO,,LINK_EXACT
SERIAL|NRJB20155119B0550,HIGH,2,DIST:DIST | LCD:LCD,DIST!91:DIST | LCD!91:LCD,DIST | LCD,NO,,LINK_EXACT
SERIAL|NRJB20155119B0560,HIGH,2,DIST:DIST | LCD:LCD,DIST!153:DIST | LCD!153:LCD,DIST | LCD,NO,,LINK_EXACT
SERIAL|NRJB20155119B0570,HIGH,2,DIST:DIST | LCD:LCD,DIST!154:DIST | LCD!154:LCD,DIST | LCD,NO,,LINK_EXACT
SERIAL|NRJB2015516B0310[EF4AA8],HIGH,2,DIST:DIST | LCD:LCD,DIST!194:DIST | LCD!194:LCD,DIST | LCD,NO,,LINK_EXACT
SERIAL|NRJB2029221960010,HIGH,2,DIST:DIST | LCD:LCD,DIST!105:DIST | LCD!105:LCD,DIST | LCD,NO,,LINK_EXACT
SERIAL|NRJB2029221960020,HIGH,2,DIST:DIST | LCD:LCD,DIST!104:DIST | LCD!104:LCD,DIST | LCD,NO,,LINK_EXACT
SERIAL|NRJB2029221960030,HIGH,2,DIST:DIST | LCD:LCD,DIST!100:DIST | LCD!100:LCD,DIST | LCD,NO,,LINK_EXACT
SERIAL|NRJB2029221960100,HIGH,2,DIST:DIST | LCD:LCD,DIST!101:DIST | LCD!101:LCD,DIST | LCD,NO,,LINK_EXACT
SERIAL|T1645092,HIGH,2,DIST:DIST | LCD:LCD,DIST!38:DIST | LCD!38:LCD,DIST | LCD,NO,,LINK_EXACT
SERIAL|T1645093,HIGH,2,DIST:DIST | LCD:LCD,DIST!37:DIST | LCD!37:LCD,DIST | LCD,NO,,LINK_EXACT
SERIAL|T1645094,HIGH,2,DIST:DIST | LCD:LCD,DIST!150:DIST | LCD!150:LCD,DIST | LCD,NO,,LINK_EXACT
SERIAL|T1645095,HIGH,2,DIST:DIST | LCD:LCD,DIST!149:DIST | LCD!149:LCD,DIST | LCD,NO,,LINK_EXACT
SERIAL|T1809135,HIGH,2,DIST:DIST | LCD:LCD,DIST!172:DIST | LCD!172:LCD,DIST | LCD,NO,,LINK_EXACT
SERIAL|T1809136,HIGH,2,DIST:DIST | LCD:LCD,DIST!157:DIST | LCD!157:LCD,DIST | LCD,NO,,LINK_EXACT
SERIAL|T1809137,HIGH,2,DIST:DIST | LCD:LCD,DIST!158:DIST | LCD!158:LCD,DIST | LCD,NO,,LINK_EXACT
SERIAL|T1809138,HIGH,2,DIST:DIST | LCD:LCD,DIST!171:DIST | LCD!171:LCD,DIST | LCD,NO,,LINK_EXACT
SERIAL|T2136163,HIGH,2,DIST:DIST | LCD:LCD,DIST!178:DIST | LCD!178:LCD,DIST | LCD,NO,,LINK_EXACT
SERIAL|T2136180,HIGH,2,DIST:DIST | LCD:LCD,DIST!75:DIST | LCD!75:LCD,DIST | LCD,NO,,LINK_EXACT
SERIAL|T2136181,HIGH,2,DIST:DIST | LCD:LCD,DIST!177:DIST | LCD!177:LCD,DIST | LCD,NO,,LINK_EXACT
SERIAL|T2136184,HIGH,2,DIST:DIST | LCD:LCD,DIST!71:DIST | LCD!71:LCD,DIST | LCD,NO,,LINK_EXACT
SERIAL|T2136185,HIGH,2,DIST:DIST | LCD:LCD,DIST!76:DIST | LCD!76:LCD,DIST | LCD,NO,,LINK_EXACT
SERIAL|T2136186,HIGH,2,DIST:DIST | LCD:LCD,DIST!72:DIST | LCD!72:LCD,DIST | LCD,NO,,LINK_EXACT
SERIAL|VNT0605FM0001-1,HIGH,2,DIST:DIST | LCD:LCD,DIST!183:DIST | LCD!183:LCD,DIST | LCD,NO,,LINK_EXACT
SERIAL|VNT0605FM0001-2,HIGH,2,DIST:DIST | LCD:LCD,DIST!184:DIST | LCD!184:LCD,DIST | LCD,NO,,LINK_EXACT
SERIAL|VNT0682 FM 001-3,HIGH,2,DIST:DIST | LCD:LCD,DIST!191:DIST | LCD!191:LCD,DIST | LCD,NO,,LINK_EXACT
SERIAL|VNT0682 FM 001-6,HIGH,2,DIST:DIST | LCD:LCD,DIST!192:DIST | LCD!192:LCD,DIST | LCD,NO,,LINK_EXACT
SERIAL|VNT0682FM0001-1,HIGH,2,DIST:DIST | LCD:LCD,DIST!175:DIST | LCD!175:LCD,DIST | LCD,NO,,LINK_EXACT
SERIAL|VNT0682FM0001-2,HIGH,2,DIST:DIST | LCD:LCD,DIST!176:DIST | LCD!176:LCD,DIST | LCD,NO,,LINK_EXACT
SERIAL|VNT0773FM0001-1,HIGH,2,DIST:DIST | LCD:LCD,DIST!187:DIST | LCD!187:LCD,DIST | LCD,NO,,LINK_EXACT
SERIAL|VNT0773FM0001-2,HIGH,2,DIST:DIST | LCD:LCD,DIST!188:DIST | LCD!188:LCD,DIST | LCD,NO,,LINK_EXACT
